name,result
HVSA_0_10,1
HVSA_0_100,1
HVSA_0_108,1
HVSA_0_115,1
HVSA_0_12,1
HVSA_0_128,1
HVSA_0_129,1
HVSA_0_136,1
HVSA_0_17,1
HVSA_0_25,1
HVSA_0_26,1
HVSA_0_27,1
HVSA_0_32,1
HVSA_0_36,1
HVSA_0_37,1
HVSA_0_4,1
HVSA_0_41,1
HVSA_0_48,1
HVSA_0_55,1
HVSA_0_61,1
HVSA_0_7,1
HVSA_0_78,1
HVSA_0_8,1
HVSA_0_85,1
HVSA_0_86,1
HVSA_0_9,1
HVSA_0_90,1
HVSA_0_93,1
HVSA_0_95,1
HVSA_1_108,1
HVSA_1_110,1
HVSA_1_120,1
HVSA_1_130,1
HVSA_1_15,1
HVSA_1_159,1
HVSA_1_162,1
HVSA_1_167,1
HVSA_1_17,1
HVSA_1_178,1
HVSA_1_18,1
HVSA_1_187,1
HVSA_1_27,1
HVSA_1_47,1
HVSA_1_58,1
HVSA_1_69,1
HVSA_1_75,1
HVSA_1_79,1
HVSA_1_9,1
HVSA_2_109,1
HVSA_2_115,1
HVSA_2_116,1
HVSA_2_120,1
HVSA_2_13,1
HVSA_2_150,1
HVSA_2_170,1
HVSA_2_180,1
HVSA_2_185,1
HVSA_2_26,1
HVSA_2_28,1
HVSA_2_31,1
HVSA_2_33,1
HVSA_2_36,1
HVSA_2_39,1
HVSA_2_40,1
HVSA_2_43,1
HVSA_2_45,1
HVSA_2_48,1
HVSA_2_58,1
HVSA_2_7,1
HVSA_2_72,1
HVSA_2_73,1
HVSA_2_77,1
HVSA_2_8,1
HVSA_2_89,1
HVSA_2_90,1
HVSA_2_96,1
HVSA_2_98,1
HVSA_3_103,1
HVSA_3_107,1
HVSA_3_109,1
HVSA_3_121,1
HVSA_3_123,1
HVSA_3_124,1
HVSA_3_126,1
HVSA_3_143,1
HVSA_3_148,1
HVSA_3_157,1
HVSA_3_161,1
HVSA_3_170,1
HVSA_3_172,1
HVSA_3_18,1
HVSA_3_186,1
HVSA_3_191,1
HVSA_3_193,1
HVSA_3_206,1
HVSA_3_26,1
HVSA_3_27,1
HVSA_3_30,1
HVSA_3_33,1
HVSA_3_41,1
HVSA_3_44,1
HVSA_3_5,1
HVSA_3_50,1
HVSA_3_62,1
HVSA_3_63,1
HVSA_3_68,1
HVSA_3_7,1
HVSA_3_70,1
HVSA_3_79,1
HVSA_3_88,1
HVSA_3_9,1
HVSA_3_91,1
HVSA_3_92,1
HeStutters_10_2,1
HeStutters_10_23,1
HeStutters_11_1,1
HeStutters_11_10,1
HeStutters_11_104,1
HeStutters_11_107,1
HeStutters_11_112,1
HeStutters_11_113,1
HeStutters_11_119,1
HeStutters_11_120,1
HeStutters_11_131,1
HeStutters_11_139,1
HeStutters_11_142,1
HeStutters_11_146,1
HeStutters_11_147,1
HeStutters_11_148,1
HeStutters_11_152,1
HeStutters_11_162,1
HeStutters_11_166,1
HeStutters_11_167,1
HeStutters_11_173,1
HeStutters_11_184,1
HeStutters_11_192,1
HeStutters_11_28,1
HeStutters_11_3,1
HeStutters_11_31,1
HeStutters_11_34,1
HeStutters_11_36,1
HeStutters_11_4,1
HeStutters_11_46,1
HeStutters_11_48,1
HeStutters_11_5,1
HeStutters_11_52,1
HeStutters_11_56,1
HeStutters_11_57,1
HeStutters_11_58,1
HeStutters_11_6,1
HeStutters_11_60,1
HeStutters_11_69,1
HeStutters_11_82,1
HeStutters_11_85,1
HeStutters_11_94,1
HeStutters_11_97,1
HeStutters_11_98,1
HeStutters_12_116,1
HeStutters_12_13,1
HeStutters_12_131,1
HeStutters_12_136,1
HeStutters_12_145,1
HeStutters_12_147,1
HeStutters_12_151,1
HeStutters_12_152,1
HeStutters_12_177,1
HeStutters_12_188,1
HeStutters_12_192,1
HeStutters_12_195,1
HeStutters_12_196,1
HeStutters_12_208,1
HeStutters_12_211,1
HeStutters_12_214,1
HeStutters_12_216,1
HeStutters_12_28,1
HeStutters_12_29,1
HeStutters_12_34,1
HeStutters_12_44,1
HeStutters_12_53,1
HeStutters_12_56,1
HeStutters_12_59,1
HeStutters_12_65,1
HeStutters_12_82,1
HeStutters_12_85,1
HeStutters_12_99,1
HeStutters_13_33,1
HeStutters_13_38,1
HeStutters_13_7,1
HeStutters_14_1,1
HeStutters_14_10,1
HeStutters_14_18,1
HeStutters_14_3,1
HeStutters_14_36,1
HeStutters_14_8,1
HeStutters_15_0,1
HeStutters_15_10,1
HeStutters_15_109,1
HeStutters_15_11,1
HeStutters_15_111,1
HeStutters_15_113,1
HeStutters_15_115,1
HeStutters_15_117,1
HeStutters_15_121,1
HeStutters_15_13,1
HeStutters_15_132,1
HeStutters_15_133,1
HeStutters_15_135,1
HeStutters_15_142,1
HeStutters_15_143,1
HeStutters_15_145,1
HeStutters_15_146,1
HeStutters_15_151,1
HeStutters_15_152,1
HeStutters_15_154,1
HeStutters_15_160,1
HeStutters_15_165,1
HeStutters_15_166,1
HeStutters_15_167,1
HeStutters_15_169,1
HeStutters_15_170,1
HeStutters_15_171,1
HeStutters_15_172,1
HeStutters_15_176,1
HeStutters_15_178,1
HeStutters_15_18,1
HeStutters_15_183,1
HeStutters_15_185,1
HeStutters_15_186,1
HeStutters_15_189,1
HeStutters_15_19,1
HeStutters_15_21,1
HeStutters_15_22,1
HeStutters_15_24,1
HeStutters_15_3,1
HeStutters_15_36,1
HeStutters_15_4,1
HeStutters_15_40,1
HeStutters_15_45,1
HeStutters_15_47,1
HeStutters_15_48,1
HeStutters_15_49,1
HeStutters_15_5,1
HeStutters_15_50,1
HeStutters_15_51,1
HeStutters_15_53,1
HeStutters_15_55,1
HeStutters_15_57,1
HeStutters_15_61,1
HeStutters_15_62,1
HeStutters_15_67,1
HeStutters_15_68,1
HeStutters_15_7,1
HeStutters_15_75,1
HeStutters_15_81,1
HeStutters_15_82,1
HeStutters_15_83,1
HeStutters_15_93,1
HeStutters_15_94,1
HeStutters_15_96,1
HeStutters_15_98,1
HeStutters_15_99,1
HeStutters_16_101,1
HeStutters_16_102,1
HeStutters_16_107,1
HeStutters_16_114,1
HeStutters_16_13,1
HeStutters_16_141,1
HeStutters_16_145,1
HeStutters_16_149,1
HeStutters_16_151,1
HeStutters_16_159,1
HeStutters_16_161,1
HeStutters_16_166,1
HeStutters_16_169,1
HeStutters_16_170,1
HeStutters_16_171,1
HeStutters_16_172,1
HeStutters_16_178,1
HeStutters_16_183,1
HeStutters_16_19,1
HeStutters_16_193,1
HeStutters_16_195,1
HeStutters_16_196,1
HeStutters_16_2,1
HeStutters_16_200,1
HeStutters_16_212,1
HeStutters_16_23,1
HeStutters_16_26,1
HeStutters_16_27,1
HeStutters_16_34,1
HeStutters_16_37,1
HeStutters_16_47,1
HeStutters_16_57,1
HeStutters_16_60,1
HeStutters_16_64,1
HeStutters_16_67,1
HeStutters_16_70,1
HeStutters_16_72,1
HeStutters_16_75,1
HeStutters_16_77,1
HeStutters_16_79,1
HeStutters_16_80,1
HeStutters_16_88,1
HeStutters_16_93,1
HeStutters_16_97,1
HeStutters_16_99,1
HeStutters_17_18,1
HeStutters_17_19,1
HeStutters_17_25,1
HeStutters_17_38,1
HeStutters_18_102,1
HeStutters_18_107,1
HeStutters_18_119,1
HeStutters_18_128,1
HeStutters_18_164,1
HeStutters_18_167,1
HeStutters_18_176,1
HeStutters_18_18,1
HeStutters_18_192,1
HeStutters_18_194,1
HeStutters_18_2,1
HeStutters_18_24,1
HeStutters_18_28,1
HeStutters_18_36,1
HeStutters_18_45,1
HeStutters_18_47,1
HeStutters_18_49,1
HeStutters_18_66,1
HeStutters_18_69,1
HeStutters_18_71,1
HeStutters_18_85,1
HeStutters_18_87,1
HeStutters_18_94,1
HeStutters_18_99,1
HeStutters_19_101,1
HeStutters_19_104,1
HeStutters_19_107,1
HeStutters_19_112,1
HeStutters_19_117,1
HeStutters_19_118,1
HeStutters_19_13,1
HeStutters_19_132,1
HeStutters_19_135,1
HeStutters_19_142,1
HeStutters_19_148,1
HeStutters_19_167,1
HeStutters_19_172,1
HeStutters_19_177,1
HeStutters_19_19,1
HeStutters_19_2,1
HeStutters_19_22,1
HeStutters_19_35,1
HeStutters_19_37,1
HeStutters_19_4,1
HeStutters_19_58,1
HeStutters_19_89,1
HeStutters_19_9,1
HeStutters_19_93,1
HeStutters_19_97,1
HeStutters_19_98,1
HeStutters_1_108,1
HeStutters_1_116,1
HeStutters_1_120,1
HeStutters_1_128,1
HeStutters_1_133,1
HeStutters_1_134,1
HeStutters_1_135,1
HeStutters_1_137,1
HeStutters_1_138,1
HeStutters_1_142,1
HeStutters_1_145,1
HeStutters_1_156,1
HeStutters_1_159,1
HeStutters_1_160,1
HeStutters_1_161,1
HeStutters_1_163,1
HeStutters_1_164,1
HeStutters_1_169,1
HeStutters_1_170,1
HeStutters_1_173,1
HeStutters_1_175,1
HeStutters_1_182,1
HeStutters_1_194,1
HeStutters_1_196,1
HeStutters_1_200,1
HeStutters_1_202,1
HeStutters_1_204,1
HeStutters_1_211,1
HeStutters_1_219,1
HeStutters_1_221,1
HeStutters_1_222,1
HeStutters_1_229,1
HeStutters_1_230,1
HeStutters_1_234,1
HeStutters_1_238,1
HeStutters_1_239,1
HeStutters_1_242,1
HeStutters_1_245,1
HeStutters_1_247,1
HeStutters_1_249,1
HeStutters_1_258,1
HeStutters_1_264,1
HeStutters_1_267,1
HeStutters_1_57,1
HeStutters_20_104,1
HeStutters_20_109,1
HeStutters_20_122,1
HeStutters_20_14,1
HeStutters_20_154,1
HeStutters_20_163,1
HeStutters_20_164,1
HeStutters_20_167,1
HeStutters_20_174,1
HeStutters_20_176,1
HeStutters_20_177,1
HeStutters_20_178,1
HeStutters_20_190,1
HeStutters_20_201,1
HeStutters_20_207,1
HeStutters_20_208,1
HeStutters_20_239,1
HeStutters_20_245,1
HeStutters_20_248,1
HeStutters_20_27,1
HeStutters_20_30,1
HeStutters_20_34,1
HeStutters_20_49,1
HeStutters_20_52,1
HeStutters_20_60,1
HeStutters_20_67,1
HeStutters_20_8,1
HeStutters_20_81,1
HeStutters_20_97,1
HeStutters_21_0,1
HeStutters_21_104,1
HeStutters_21_117,1
HeStutters_21_118,1
HeStutters_21_122,1
HeStutters_21_138,1
HeStutters_21_139,1
HeStutters_21_155,1
HeStutters_21_197,1
HeStutters_21_201,1
HeStutters_21_205,1
HeStutters_21_24,1
HeStutters_21_28,1
HeStutters_21_29,1
HeStutters_21_30,1
HeStutters_21_49,1
HeStutters_21_53,1
HeStutters_21_7,1
HeStutters_21_83,1
HeStutters_22_110,1
HeStutters_22_112,1
HeStutters_22_114,1
HeStutters_22_121,1
HeStutters_22_122,1
HeStutters_22_124,1
HeStutters_22_132,1
HeStutters_22_134,1
HeStutters_22_135,1
HeStutters_22_137,1
HeStutters_22_152,1
HeStutters_22_154,1
HeStutters_22_160,1
HeStutters_22_164,1
HeStutters_22_179,1
HeStutters_22_182,1
HeStutters_22_19,1
HeStutters_22_190,1
HeStutters_22_198,1
HeStutters_22_201,1
HeStutters_22_202,1
HeStutters_22_22,1
HeStutters_22_30,1
HeStutters_22_34,1
HeStutters_22_40,1
HeStutters_22_42,1
HeStutters_22_56,1
HeStutters_22_73,1
HeStutters_22_75,1
HeStutters_22_81,1
HeStutters_22_82,1
HeStutters_22_86,1
HeStutters_22_90,1
HeStutters_22_92,1
HeStutters_22_95,1
HeStutters_23_100,1
HeStutters_23_102,1
HeStutters_23_117,1
HeStutters_23_118,1
HeStutters_23_129,1
HeStutters_23_134,1
HeStutters_23_137,1
HeStutters_23_139,1
HeStutters_23_144,1
HeStutters_23_153,1
HeStutters_23_158,1
HeStutters_23_159,1
HeStutters_23_16,1
HeStutters_23_170,1
HeStutters_23_174,1
HeStutters_23_175,1
HeStutters_23_212,1
HeStutters_23_24,1
HeStutters_23_33,1
HeStutters_23_41,1
HeStutters_23_43,1
HeStutters_23_46,1
HeStutters_23_48,1
HeStutters_23_49,1
HeStutters_23_50,1
HeStutters_23_62,1
HeStutters_23_65,1
HeStutters_23_99,1
HeStutters_2_124,1
HeStutters_2_126,1
HeStutters_2_129,1
HeStutters_2_130,1
HeStutters_2_139,1
HeStutters_2_153,1
HeStutters_2_155,1
HeStutters_2_168,1
HeStutters_2_173,1
HeStutters_2_174,1
HeStutters_2_185,1
HeStutters_2_187,1
HeStutters_2_188,1
HeStutters_2_189,1
HeStutters_2_193,1
HeStutters_2_195,1
HeStutters_2_203,1
HeStutters_2_205,1
HeStutters_2_206,1
HeStutters_2_38,1
HeStutters_2_39,1
HeStutters_2_4,1
HeStutters_2_5,1
HeStutters_2_61,1
HeStutters_2_68,1
HeStutters_2_71,1
HeStutters_2_72,1
HeStutters_4_14,1
HeStutters_4_16,1
HeStutters_4_18,1
HeStutters_4_24,1
HeStutters_4_3,1
HeStutters_4_8,1
HeStutters_5_101,1
HeStutters_5_105,1
HeStutters_5_106,1
HeStutters_5_107,1
HeStutters_5_118,1
HeStutters_5_121,1
HeStutters_5_130,1
HeStutters_5_135,1
HeStutters_5_138,1
HeStutters_5_143,1
HeStutters_5_149,1
HeStutters_5_15,1
HeStutters_5_165,1
HeStutters_5_170,1
HeStutters_5_176,1
HeStutters_5_179,1
HeStutters_5_182,1
HeStutters_5_184,1
HeStutters_5_185,1
HeStutters_5_192,1
HeStutters_5_198,1
HeStutters_5_28,1
HeStutters_5_34,1
HeStutters_5_36,1
HeStutters_5_41,1
HeStutters_5_44,1
HeStutters_5_55,1
HeStutters_5_6,1
HeStutters_5_60,1
HeStutters_5_66,1
HeStutters_5_7,1
HeStutters_5_80,1
HeStutters_5_92,1
HeStutters_5_97,1
HeStutters_5_99,1
HeStutters_6_103,1
HeStutters_6_131,1
HeStutters_6_138,1
HeStutters_6_14,1
HeStutters_6_151,1
HeStutters_6_153,1
HeStutters_6_169,1
HeStutters_6_182,1
HeStutters_6_183,1
HeStutters_6_184,1
HeStutters_6_185,1
HeStutters_6_188,1
HeStutters_6_190,1
HeStutters_6_195,1
HeStutters_6_197,1
HeStutters_6_2,1
HeStutters_6_21,1
HeStutters_6_213,1
HeStutters_6_224,1
HeStutters_6_230,1
HeStutters_6_231,1
HeStutters_6_234,1
HeStutters_6_269,1
HeStutters_6_273,1
HeStutters_6_280,1
HeStutters_6_281,1
HeStutters_6_289,1
HeStutters_6_290,1
HeStutters_6_291,1
HeStutters_6_293,1
HeStutters_6_41,1
HeStutters_6_44,1
HeStutters_6_45,1
HeStutters_6_63,1
HeStutters_6_67,1
HeStutters_6_70,1
HeStutters_6_71,1
HeStutters_6_73,1
HeStutters_6_8,1
HeStutters_6_80,1
HeStutters_6_86,1
HeStutters_6_93,1
HeStutters_7_22,1
HeStutters_7_32,1
HeStutters_7_6,1
HeStutters_8_10,1
HeStutters_8_103,1
HeStutters_8_104,1
HeStutters_8_106,1
HeStutters_8_121,1
HeStutters_8_124,1
HeStutters_8_153,1
HeStutters_8_154,1
HeStutters_8_186,1
HeStutters_8_187,1
HeStutters_8_190,1
HeStutters_8_25,1
HeStutters_8_33,1
HeStutters_8_4,1
HeStutters_8_47,1
HeStutters_8_55,1
HeStutters_8_70,1
HeStutters_8_76,1
HeStutters_8_81,1
HeStutters_8_84,1
HeStutters_8_91,1
HeStutters_8_99,1
HeStutters_9_21,1
HeStutters_9_30,1
IStutterSoWhat_0_108,1
IStutterSoWhat_0_123,1
IStutterSoWhat_0_124,1
IStutterSoWhat_0_137,1
IStutterSoWhat_0_144,1
IStutterSoWhat_0_148,1
IStutterSoWhat_0_151,1
IStutterSoWhat_0_161,1
IStutterSoWhat_0_164,1
IStutterSoWhat_0_177,1
IStutterSoWhat_0_181,1
IStutterSoWhat_0_192,1
IStutterSoWhat_0_21,1
IStutterSoWhat_0_22,1
IStutterSoWhat_0_3,1
IStutterSoWhat_0_30,1
IStutterSoWhat_0_34,1
IStutterSoWhat_0_35,1
IStutterSoWhat_0_40,1
IStutterSoWhat_0_43,1
IStutterSoWhat_0_44,1
IStutterSoWhat_0_45,1
IStutterSoWhat_0_56,1
IStutterSoWhat_0_66,1
IStutterSoWhat_0_68,1
IStutterSoWhat_0_70,1
IStutterSoWhat_0_86,1
IStutterSoWhat_0_89,1
IStutterSoWhat_0_9,1
IStutterSoWhat_0_91,1
IStutterSoWhat_0_92,1
IStutterSoWhat_0_93,1
IStutterSoWhat_0_94,1
IStutterSoWhat_0_96,1
IStutterSoWhat_0_98,1
IStutterSoWhat_1_1,1
IStutterSoWhat_1_10,1
IStutterSoWhat_1_101,1
IStutterSoWhat_1_11,1
IStutterSoWhat_1_112,1
IStutterSoWhat_1_113,1
IStutterSoWhat_1_116,1
IStutterSoWhat_1_131,1
IStutterSoWhat_1_137,1
IStutterSoWhat_1_16,1
IStutterSoWhat_1_21,1
IStutterSoWhat_1_22,1
IStutterSoWhat_1_27,1
IStutterSoWhat_1_4,1
IStutterSoWhat_1_40,1
IStutterSoWhat_1_41,1
IStutterSoWhat_1_45,1
IStutterSoWhat_1_46,1
IStutterSoWhat_1_47,1
IStutterSoWhat_1_48,1
IStutterSoWhat_1_5,1
IStutterSoWhat_1_52,1
IStutterSoWhat_1_54,1
IStutterSoWhat_1_56,1
IStutterSoWhat_1_63,1
IStutterSoWhat_1_66,1
IStutterSoWhat_1_69,1
IStutterSoWhat_1_74,1
IStutterSoWhat_1_75,1
IStutterSoWhat_1_8,1
IStutterSoWhat_1_81,1
IStutterSoWhat_1_88,1
IStutterSoWhat_1_93,1
IStutterSoWhat_1_97,1
IStutterSoWhat_1_98,1
IStutterSoWhat_1_99,1
IStutterSoWhat_2_101,1
IStutterSoWhat_2_103,1
IStutterSoWhat_2_105,1
IStutterSoWhat_2_113,1
IStutterSoWhat_2_120,1
IStutterSoWhat_2_124,1
IStutterSoWhat_2_13,1
IStutterSoWhat_2_133,1
IStutterSoWhat_2_134,1
IStutterSoWhat_2_14,1
IStutterSoWhat_2_142,1
IStutterSoWhat_2_143,1
IStutterSoWhat_2_146,1
IStutterSoWhat_2_160,1
IStutterSoWhat_2_164,1
IStutterSoWhat_2_179,1
IStutterSoWhat_2_180,1
IStutterSoWhat_2_181,1
IStutterSoWhat_2_183,1
IStutterSoWhat_2_192,1
IStutterSoWhat_2_197,1
IStutterSoWhat_2_2,1
IStutterSoWhat_2_24,1
IStutterSoWhat_2_25,1
IStutterSoWhat_2_26,1
IStutterSoWhat_2_27,1
IStutterSoWhat_2_3,1
IStutterSoWhat_2_32,1
IStutterSoWhat_2_39,1
IStutterSoWhat_2_40,1
IStutterSoWhat_2_41,1
IStutterSoWhat_2_46,1
IStutterSoWhat_2_54,1
IStutterSoWhat_2_55,1
IStutterSoWhat_2_56,1
IStutterSoWhat_2_59,1
IStutterSoWhat_2_60,1
IStutterSoWhat_2_67,1
IStutterSoWhat_2_70,1
IStutterSoWhat_2_75,1
IStutterSoWhat_2_83,1
IStutterSoWhat_2_84,1
IStutterSoWhat_2_85,1
IStutterSoWhat_2_88,1
IStutterSoWhat_2_9,1
IStutterSoWhat_2_93,1
IStutterSoWhat_2_95,1
IStutterSoWhat_2_97,1
IStutterSoWhat_2_99,1
IStutterSoWhat_3_0,1
IStutterSoWhat_3_10,1
IStutterSoWhat_3_104,1
IStutterSoWhat_3_118,1
IStutterSoWhat_3_124,1
IStutterSoWhat_3_132,1
IStutterSoWhat_3_135,1
IStutterSoWhat_3_137,1
IStutterSoWhat_3_138,1
IStutterSoWhat_3_139,1
IStutterSoWhat_3_141,1
IStutterSoWhat_3_146,1
IStutterSoWhat_3_20,1
IStutterSoWhat_3_24,1
IStutterSoWhat_3_3,1
IStutterSoWhat_3_51,1
IStutterSoWhat_3_53,1
IStutterSoWhat_3_55,1
IStutterSoWhat_3_56,1
IStutterSoWhat_3_61,1
IStutterSoWhat_3_65,1
IStutterSoWhat_3_69,1
IStutterSoWhat_3_7,1
IStutterSoWhat_3_70,1
IStutterSoWhat_3_71,1
IStutterSoWhat_3_72,1
IStutterSoWhat_3_74,1
IStutterSoWhat_3_82,1
IStutterSoWhat_3_83,1
IStutterSoWhat_3_89,1
IStutterSoWhat_3_95,1
IStutterSoWhat_4_111,1
IStutterSoWhat_4_113,1
IStutterSoWhat_4_114,1
IStutterSoWhat_4_120,1
IStutterSoWhat_4_122,1
IStutterSoWhat_4_131,1
IStutterSoWhat_4_135,1
IStutterSoWhat_4_14,1
IStutterSoWhat_4_142,1
IStutterSoWhat_4_145,1
IStutterSoWhat_4_153,1
IStutterSoWhat_4_157,1
IStutterSoWhat_4_2,1
IStutterSoWhat_4_23,1
IStutterSoWhat_4_26,1
IStutterSoWhat_4_3,1
IStutterSoWhat_4_34,1
IStutterSoWhat_4_36,1
IStutterSoWhat_4_59,1
IStutterSoWhat_4_71,1
IStutterSoWhat_4_72,1
IStutterSoWhat_4_77,1
IStutterSoWhat_4_80,1
IStutterSoWhat_4_88,1
MyStutteringLife_0_1,1
MyStutteringLife_10_1,1
MyStutteringLife_10_18,1
MyStutteringLife_10_20,1
MyStutteringLife_10_23,1
MyStutteringLife_10_26,1
MyStutteringLife_10_8,1
MyStutteringLife_11_17,1
MyStutteringLife_11_22,1
MyStutteringLife_11_39,1
MyStutteringLife_11_9,1
MyStutteringLife_12_0,1
MyStutteringLife_12_22,1
MyStutteringLife_12_4,1
MyStutteringLife_12_9,1
MyStutteringLife_13_29,1
MyStutteringLife_13_33,1
MyStutteringLife_13_35,1
MyStutteringLife_15_2,1
MyStutteringLife_15_3,1
MyStutteringLife_15_37,1
MyStutteringLife_15_7,1
MyStutteringLife_16_11,1
MyStutteringLife_17_2,1
MyStutteringLife_17_25,1
MyStutteringLife_17_6,1
MyStutteringLife_18_15,1
MyStutteringLife_18_17,1
MyStutteringLife_18_31,1
MyStutteringLife_18_34,1
MyStutteringLife_18_36,1
MyStutteringLife_18_38,1
MyStutteringLife_18_8,1
MyStutteringLife_19_12,1
MyStutteringLife_1_33,1
MyStutteringLife_1_7,1
MyStutteringLife_1_9,1
MyStutteringLife_20_20,1
MyStutteringLife_20_27,1
MyStutteringLife_20_33,1
MyStutteringLife_20_36,1
MyStutteringLife_21_35,1
MyStutteringLife_22_22,1
MyStutteringLife_23_1,1
MyStutteringLife_23_117,1
MyStutteringLife_23_144,1
MyStutteringLife_23_145,1
MyStutteringLife_23_164,1
MyStutteringLife_23_167,1
MyStutteringLife_23_173,1
MyStutteringLife_23_174,1
MyStutteringLife_23_30,1
MyStutteringLife_23_36,1
MyStutteringLife_23_54,1
MyStutteringLife_23_55,1
MyStutteringLife_23_8,1
MyStutteringLife_23_83,1
MyStutteringLife_23_92,1
MyStutteringLife_23_97,1
MyStutteringLife_24_17,1
MyStutteringLife_24_20,1
MyStutteringLife_24_22,1
MyStutteringLife_24_23,1
MyStutteringLife_24_26,1
MyStutteringLife_24_33,1
MyStutteringLife_25_25,1
MyStutteringLife_25_28,1
MyStutteringLife_25_36,1
MyStutteringLife_25_39,1
MyStutteringLife_26_17,1
MyStutteringLife_26_24,1
MyStutteringLife_26_31,1
MyStutteringLife_27_2,1
MyStutteringLife_27_5,1
MyStutteringLife_27_7,1
MyStutteringLife_28_38,1
MyStutteringLife_28_7,1
MyStutteringLife_29_10,1
MyStutteringLife_2_1,1
MyStutteringLife_2_10,1
MyStutteringLife_2_27,1
MyStutteringLife_2_30,1
MyStutteringLife_2_32,1
MyStutteringLife_2_38,1
MyStutteringLife_2_39,1
MyStutteringLife_2_8,1
MyStutteringLife_30_10,1
MyStutteringLife_30_102,1
MyStutteringLife_30_103,1
MyStutteringLife_30_117,1
MyStutteringLife_30_125,1
MyStutteringLife_30_129,1
MyStutteringLife_30_131,1
MyStutteringLife_30_137,1
MyStutteringLife_30_142,1
MyStutteringLife_30_144,1
MyStutteringLife_30_160,1
MyStutteringLife_30_161,1
MyStutteringLife_30_167,1
MyStutteringLife_30_169,1
MyStutteringLife_30_172,1
MyStutteringLife_30_175,1
MyStutteringLife_30_177,1
MyStutteringLife_30_19,1
MyStutteringLife_30_23,1
MyStutteringLife_30_25,1
MyStutteringLife_30_37,1
MyStutteringLife_30_5,1
MyStutteringLife_30_52,1
MyStutteringLife_30_54,1
MyStutteringLife_30_62,1
MyStutteringLife_30_7,1
MyStutteringLife_30_73,1
MyStutteringLife_30_78,1
MyStutteringLife_30_81,1
MyStutteringLife_30_82,1
MyStutteringLife_30_83,1
MyStutteringLife_30_88,1
MyStutteringLife_30_91,1
MyStutteringLife_30_98,1
MyStutteringLife_31_0,1
MyStutteringLife_31_23,1
MyStutteringLife_31_27,1
MyStutteringLife_31_4,1
MyStutteringLife_31_7,1
MyStutteringLife_32_112,1
MyStutteringLife_32_122,1
MyStutteringLife_32_134,1
MyStutteringLife_32_144,1
MyStutteringLife_32_146,1
MyStutteringLife_32_151,1
MyStutteringLife_32_155,1
MyStutteringLife_32_163,1
MyStutteringLife_32_165,1
MyStutteringLife_32_170,1
MyStutteringLife_32_19,1
MyStutteringLife_32_2,1
MyStutteringLife_32_35,1
MyStutteringLife_32_36,1
MyStutteringLife_32_39,1
MyStutteringLife_32_41,1
MyStutteringLife_32_43,1
MyStutteringLife_32_44,1
MyStutteringLife_32_45,1
MyStutteringLife_32_49,1
MyStutteringLife_32_53,1
MyStutteringLife_32_56,1
MyStutteringLife_32_57,1
MyStutteringLife_32_60,1
MyStutteringLife_32_65,1
MyStutteringLife_32_73,1
MyStutteringLife_32_75,1
MyStutteringLife_32_79,1
MyStutteringLife_32_80,1
MyStutteringLife_32_88,1
MyStutteringLife_32_91,1
MyStutteringLife_32_95,1
MyStutteringLife_33_22,1
MyStutteringLife_33_25,1
MyStutteringLife_33_28,1
MyStutteringLife_33_31,1
MyStutteringLife_34_0,1
MyStutteringLife_34_1,1
MyStutteringLife_34_14,1
MyStutteringLife_34_15,1
MyStutteringLife_34_21,1
MyStutteringLife_34_36,1
MyStutteringLife_35_101,1
MyStutteringLife_35_107,1
MyStutteringLife_35_112,1
MyStutteringLife_35_114,1
MyStutteringLife_35_118,1
MyStutteringLife_35_133,1
MyStutteringLife_35_137,1
MyStutteringLife_35_145,1
MyStutteringLife_35_148,1
MyStutteringLife_35_153,1
MyStutteringLife_35_158,1
MyStutteringLife_35_16,1
MyStutteringLife_35_163,1
MyStutteringLife_35_164,1
MyStutteringLife_35_165,1
MyStutteringLife_35_181,1
MyStutteringLife_35_182,1
MyStutteringLife_35_184,1
MyStutteringLife_35_189,1
MyStutteringLife_35_19,1
MyStutteringLife_35_192,1
MyStutteringLife_35_197,1
MyStutteringLife_35_198,1
MyStutteringLife_35_21,1
MyStutteringLife_35_26,1
MyStutteringLife_35_27,1
MyStutteringLife_35_41,1
MyStutteringLife_35_43,1
MyStutteringLife_35_46,1
MyStutteringLife_35_47,1
MyStutteringLife_35_49,1
MyStutteringLife_35_5,1
MyStutteringLife_35_59,1
MyStutteringLife_35_60,1
MyStutteringLife_35_61,1
MyStutteringLife_35_65,1
MyStutteringLife_35_66,1
MyStutteringLife_35_73,1
MyStutteringLife_35_99,1
MyStutteringLife_36_11,1
MyStutteringLife_37_21,1
MyStutteringLife_37_27,1
MyStutteringLife_38_29,1
MyStutteringLife_38_31,1
MyStutteringLife_39_3,1
MyStutteringLife_39_33,1
MyStutteringLife_39_5,1
MyStutteringLife_39_6,1
MyStutteringLife_3_11,1
MyStutteringLife_3_24,1
MyStutteringLife_3_35,1
MyStutteringLife_3_36,1
MyStutteringLife_3_8,1
MyStutteringLife_4_2,1
MyStutteringLife_4_22,1
MyStutteringLife_4_23,1
MyStutteringLife_4_3,1
MyStutteringLife_5_14,1
MyStutteringLife_5_32,1
MyStutteringLife_5_4,1
MyStutteringLife_6_13,1
MyStutteringLife_6_14,1
MyStutteringLife_6_20,1
MyStutteringLife_6_33,1
MyStutteringLife_6_37,1
MyStutteringLife_7_1,1
MyStutteringLife_7_103,1
MyStutteringLife_7_111,1
MyStutteringLife_7_117,1
MyStutteringLife_7_118,1
MyStutteringLife_7_122,1
MyStutteringLife_7_123,1
MyStutteringLife_7_125,1
MyStutteringLife_7_130,1
MyStutteringLife_7_134,1
MyStutteringLife_7_137,1
MyStutteringLife_7_139,1
MyStutteringLife_7_16,1
MyStutteringLife_7_162,1
MyStutteringLife_7_164,1
MyStutteringLife_7_168,1
MyStutteringLife_7_23,1
MyStutteringLife_7_38,1
MyStutteringLife_7_46,1
MyStutteringLife_7_51,1
MyStutteringLife_7_55,1
MyStutteringLife_7_56,1
MyStutteringLife_7_6,1
MyStutteringLife_7_62,1
MyStutteringLife_7_65,1
MyStutteringLife_7_96,1
MyStutteringLife_7_97,1
MyStutteringLife_7_98,1
MyStutteringLife_8_0,1
MyStutteringLife_8_22,1
MyStutteringLife_8_29,1
MyStutteringLife_8_33,1
MyStutteringLife_9_11,1
MyStutteringLife_9_35,1
StrongVoices_0_12,1
StrongVoices_0_13,1
StrongVoices_0_23,1
StrongVoices_0_31,1
StrongVoices_0_38,1
StrongVoices_10_11,1
StrongVoices_10_138,1
StrongVoices_10_141,1
StrongVoices_10_158,1
StrongVoices_10_162,1
StrongVoices_10_166,1
StrongVoices_10_177,1
StrongVoices_10_178,1
StrongVoices_10_181,1
StrongVoices_10_195,1
StrongVoices_10_197,1
StrongVoices_10_198,1
StrongVoices_10_199,1
StrongVoices_10_2,1
StrongVoices_10_200,1
StrongVoices_10_205,1
StrongVoices_10_206,1
StrongVoices_10_211,1
StrongVoices_10_214,1
StrongVoices_10_38,1
StrongVoices_10_53,1
StrongVoices_10_58,1
StrongVoices_10_60,1
StrongVoices_10_63,1
StrongVoices_10_65,1
StrongVoices_10_67,1
StrongVoices_10_7,1
StrongVoices_10_71,1
StrongVoices_10_75,1
StrongVoices_10_78,1
StrongVoices_10_94,1
StrongVoices_10_95,1
StrongVoices_11_1,1
StrongVoices_11_12,1
StrongVoices_11_15,1
StrongVoices_11_2,1
StrongVoices_11_22,1
StrongVoices_11_24,1
StrongVoices_11_31,1
StrongVoices_12_16,1
StrongVoices_13_32,1
StrongVoices_13_36,1
StrongVoices_13_39,1
StrongVoices_14_17,1
StrongVoices_14_19,1
StrongVoices_14_28,1
StrongVoices_14_29,1
StrongVoices_15_28,1
StrongVoices_16_30,1
StrongVoices_16_36,1
StrongVoices_16_37,1
StrongVoices_17_0,1
StrongVoices_17_1,1
StrongVoices_17_10,1
StrongVoices_17_16,1
StrongVoices_17_18,1
StrongVoices_17_2,1
StrongVoices_17_20,1
StrongVoices_17_22,1
StrongVoices_17_25,1
StrongVoices_17_26,1
StrongVoices_17_29,1
StrongVoices_17_35,1
StrongVoices_17_36,1
StrongVoices_17_7,1
StrongVoices_18_12,1
StrongVoices_18_13,1
StrongVoices_18_22,1
StrongVoices_18_24,1
StrongVoices_18_25,1
StrongVoices_18_3,1
StrongVoices_18_33,1
StrongVoices_18_34,1
StrongVoices_18_6,1
StrongVoices_19_11,1
StrongVoices_19_15,1
StrongVoices_19_25,1
StrongVoices_19_27,1
StrongVoices_19_28,1
StrongVoices_19_33,1
StrongVoices_1_0,1
StrongVoices_1_28,1
StrongVoices_1_34,1
StrongVoices_1_8,1
StrongVoices_20_20,1
StrongVoices_20_25,1
StrongVoices_20_4,1
StrongVoices_21_106,1
StrongVoices_21_108,1
StrongVoices_21_118,1
StrongVoices_21_119,1
StrongVoices_21_127,1
StrongVoices_21_128,1
StrongVoices_21_137,1
StrongVoices_21_146,1
StrongVoices_21_152,1
StrongVoices_21_154,1
StrongVoices_21_166,1
StrongVoices_21_170,1
StrongVoices_21_177,1
StrongVoices_21_193,1
StrongVoices_21_25,1
StrongVoices_21_27,1
StrongVoices_21_29,1
StrongVoices_21_3,1
StrongVoices_21_37,1
StrongVoices_21_50,1
StrongVoices_21_65,1
StrongVoices_21_69,1
StrongVoices_21_77,1
StrongVoices_21_83,1
StrongVoices_21_86,1
StrongVoices_21_88,1
StrongVoices_21_95,1
StrongVoices_21_99,1
StrongVoices_22_0,1
StrongVoices_22_14,1
StrongVoices_22_18,1
StrongVoices_22_2,1
StrongVoices_22_22,1
StrongVoices_22_30,1
StrongVoices_23_10,1
StrongVoices_23_105,1
StrongVoices_23_108,1
StrongVoices_23_110,1
StrongVoices_23_120,1
StrongVoices_23_121,1
StrongVoices_23_126,1
StrongVoices_23_129,1
StrongVoices_23_132,1
StrongVoices_23_136,1
StrongVoices_23_143,1
StrongVoices_23_145,1
StrongVoices_23_147,1
StrongVoices_23_148,1
StrongVoices_23_149,1
StrongVoices_23_150,1
StrongVoices_23_153,1
StrongVoices_23_167,1
StrongVoices_23_17,1
StrongVoices_23_170,1
StrongVoices_23_173,1
StrongVoices_23_175,1
StrongVoices_23_18,1
StrongVoices_23_188,1
StrongVoices_23_193,1
StrongVoices_23_199,1
StrongVoices_23_201,1
StrongVoices_23_205,1
StrongVoices_23_207,1
StrongVoices_23_21,1
StrongVoices_23_210,1
StrongVoices_23_211,1
StrongVoices_23_214,1
StrongVoices_23_215,1
StrongVoices_23_221,1
StrongVoices_23_223,1
StrongVoices_23_225,1
StrongVoices_23_229,1
StrongVoices_23_232,1
StrongVoices_23_238,1
StrongVoices_23_242,1
StrongVoices_23_246,1
StrongVoices_23_247,1
StrongVoices_23_259,1
StrongVoices_23_268,1
StrongVoices_23_27,1
StrongVoices_23_47,1
StrongVoices_23_52,1
StrongVoices_23_61,1
StrongVoices_23_64,1
StrongVoices_23_68,1
StrongVoices_23_69,1
StrongVoices_23_70,1
StrongVoices_23_80,1
StrongVoices_23_82,1
StrongVoices_23_89,1
StrongVoices_23_91,1
StrongVoices_23_96,1
StrongVoices_24_11,1
StrongVoices_24_13,1
StrongVoices_24_20,1
StrongVoices_24_24,1
StrongVoices_24_31,1
StrongVoices_24_38,1
StrongVoices_25_37,1
StrongVoices_26_15,1
StrongVoices_26_20,1
StrongVoices_26_25,1
StrongVoices_26_36,1
StrongVoices_26_6,1
StrongVoices_26_7,1
StrongVoices_27_11,1
StrongVoices_27_12,1
StrongVoices_27_15,1
StrongVoices_27_17,1
StrongVoices_27_2,1
StrongVoices_27_25,1
StrongVoices_27_29,1
StrongVoices_27_3,1
StrongVoices_27_31,1
StrongVoices_27_38,1
StrongVoices_28_16,1
StrongVoices_28_17,1
StrongVoices_28_18,1
StrongVoices_28_2,1
StrongVoices_28_36,1
StrongVoices_29_1,1
StrongVoices_29_38,1
StrongVoices_29_4,1
StrongVoices_2_11,1
StrongVoices_2_18,1
StrongVoices_2_2,1
StrongVoices_2_22,1
StrongVoices_2_23,1
StrongVoices_2_33,1
StrongVoices_2_36,1
StrongVoices_2_39,1
StrongVoices_2_7,1
StrongVoices_30_1,1
StrongVoices_30_11,1
StrongVoices_30_14,1
StrongVoices_30_20,1
StrongVoices_30_27,1
StrongVoices_31_2,1
StrongVoices_31_3,1
StrongVoices_31_34,1
StrongVoices_31_38,1
StrongVoices_32_11,1
StrongVoices_32_127,1
StrongVoices_32_136,1
StrongVoices_32_138,1
StrongVoices_32_148,1
StrongVoices_32_150,1
StrongVoices_32_151,1
StrongVoices_32_154,1
StrongVoices_32_156,1
StrongVoices_32_157,1
StrongVoices_32_158,1
StrongVoices_32_166,1
StrongVoices_32_167,1
StrongVoices_32_169,1
StrongVoices_32_179,1
StrongVoices_32_190,1
StrongVoices_32_201,1
StrongVoices_32_202,1
StrongVoices_32_25,1
StrongVoices_32_28,1
StrongVoices_32_3,1
StrongVoices_32_35,1
StrongVoices_32_4,1
StrongVoices_32_45,1
StrongVoices_32_48,1
StrongVoices_32_49,1
StrongVoices_32_51,1
StrongVoices_32_53,1
StrongVoices_32_58,1
StrongVoices_32_59,1
StrongVoices_32_67,1
StrongVoices_32_68,1
StrongVoices_32_71,1
StrongVoices_32_72,1
StrongVoices_32_74,1
StrongVoices_32_8,1
StrongVoices_32_88,1
StrongVoices_32_98,1
StrongVoices_33_25,1
StrongVoices_33_32,1
StrongVoices_34_27,1
StrongVoices_34_30,1
StrongVoices_34_32,1
StrongVoices_34_34,1
StrongVoices_34_8,1
StrongVoices_3_11,1
StrongVoices_3_19,1
StrongVoices_3_27,1
StrongVoices_3_35,1
StrongVoices_3_37,1
StrongVoices_3_9,1
StrongVoices_4_1,1
StrongVoices_4_2,1
StrongVoices_4_33,1
StrongVoices_4_9,1
StrongVoices_5_10,1
StrongVoices_5_16,1
StrongVoices_5_17,1
StrongVoices_5_19,1
StrongVoices_5_20,1
StrongVoices_5_22,1
StrongVoices_5_25,1
StrongVoices_5_26,1
StrongVoices_5_37,1
StrongVoices_5_38,1
StrongVoices_5_39,1
StrongVoices_6_101,1
StrongVoices_6_104,1
StrongVoices_6_105,1
StrongVoices_6_109,1
StrongVoices_6_110,1
StrongVoices_6_119,1
StrongVoices_6_120,1
StrongVoices_6_133,1
StrongVoices_6_144,1
StrongVoices_6_147,1
StrongVoices_6_168,1
StrongVoices_6_176,1
StrongVoices_6_178,1
StrongVoices_6_180,1
StrongVoices_6_181,1
StrongVoices_6_188,1
StrongVoices_6_191,1
StrongVoices_6_204,1
StrongVoices_6_205,1
StrongVoices_6_26,1
StrongVoices_6_28,1
StrongVoices_6_31,1
StrongVoices_6_4,1
StrongVoices_6_41,1
StrongVoices_6_47,1
StrongVoices_6_58,1
StrongVoices_6_62,1
StrongVoices_6_71,1
StrongVoices_6_73,1
StrongVoices_6_82,1
StrongVoices_6_83,1
StrongVoices_6_87,1
StrongVoices_6_89,1
StrongVoices_6_90,1
StrongVoices_6_97,1
StrongVoices_7_12,1
StrongVoices_7_14,1
StrongVoices_7_39,1
StrongVoices_8_1,1
StrongVoices_8_10,1
StrongVoices_8_18,1
StrongVoices_8_3,1
StrongVoices_8_32,1
StrongVoices_8_36,1
StrongVoices_9_21,1
StutterTalk_0_10,1
StutterTalk_0_15,1
StutterTalk_0_21,1
StutterTalk_0_25,1
StutterTalk_0_27,1
StutterTalk_0_32,1
StutterTalk_10_31,1
StutterTalk_10_9,1
StutterTalk_11_28,1
StutterTalk_11_38,1
StutterTalk_11_39,1
StutterTalk_11_4,1
StutterTalk_12_0,1
StutterTalk_12_18,1
StutterTalk_12_19,1
StutterTalk_12_31,1
StutterTalk_12_33,1
StutterTalk_12_36,1
StutterTalk_12_39,1
StutterTalk_13_33,1
StutterTalk_13_8,1
StutterTalk_14_3,1
StutterTalk_15_21,1
StutterTalk_15_36,1
StutterTalk_16_19,1
StutterTalk_16_25,1
StutterTalk_17_13,1
StutterTalk_17_19,1
StutterTalk_17_2,1
StutterTalk_17_7,1
StutterTalk_18_16,1
StutterTalk_18_28,1
StutterTalk_18_37,1
StutterTalk_18_6,1
StutterTalk_19_26,1
StutterTalk_1_23,1
StutterTalk_1_31,1
StutterTalk_1_39,1
StutterTalk_1_9,1
StutterTalk_20_36,1
StutterTalk_21_34,1
StutterTalk_22_11,1
StutterTalk_22_18,1
StutterTalk_22_19,1
StutterTalk_22_26,1
StutterTalk_22_27,1
StutterTalk_22_8,1
StutterTalk_23_14,1
StutterTalk_23_38,1
StutterTalk_24_14,1
StutterTalk_24_20,1
StutterTalk_24_23,1
StutterTalk_24_24,1
StutterTalk_24_29,1
StutterTalk_24_3,1
StutterTalk_24_31,1
StutterTalk_24_33,1
StutterTalk_24_38,1
StutterTalk_25_124,1
StutterTalk_25_128,1
StutterTalk_25_144,1
StutterTalk_25_147,1
StutterTalk_25_163,1
StutterTalk_25_167,1
StutterTalk_25_174,1
StutterTalk_25_176,1
StutterTalk_25_185,1
StutterTalk_25_23,1
StutterTalk_25_37,1
StutterTalk_25_42,1
StutterTalk_25_70,1
StutterTalk_25_73,1
StutterTalk_25_80,1
StutterTalk_25_98,1
StutterTalk_26_101,1
StutterTalk_26_107,1
StutterTalk_26_115,1
StutterTalk_26_116,1
StutterTalk_26_119,1
StutterTalk_26_136,1
StutterTalk_26_139,1
StutterTalk_26_189,1
StutterTalk_26_33,1
StutterTalk_26_38,1
StutterTalk_26_40,1
StutterTalk_26_58,1
StutterTalk_26_60,1
StutterTalk_26_72,1
StutterTalk_26_74,1
StutterTalk_27_1,1
StutterTalk_27_10,1
StutterTalk_27_17,1
StutterTalk_27_22,1
StutterTalk_27_35,1
StutterTalk_27_9,1
StutterTalk_28_3,1
StutterTalk_28_8,1
StutterTalk_29_20,1
StutterTalk_29_25,1
StutterTalk_29_26,1
StutterTalk_29_33,1
StutterTalk_2_10,1
StutterTalk_2_12,1
StutterTalk_2_27,1
StutterTalk_2_6,1
StutterTalk_30_24,1
StutterTalk_30_31,1
StutterTalk_30_39,1
StutterTalk_31_15,1
StutterTalk_31_17,1
StutterTalk_31_20,1
StutterTalk_31_33,1
StutterTalk_32_25,1
StutterTalk_32_31,1
StutterTalk_33_10,1
StutterTalk_33_100,1
StutterTalk_33_102,1
StutterTalk_33_11,1
StutterTalk_33_111,1
StutterTalk_33_117,1
StutterTalk_33_118,1
StutterTalk_33_12,1
StutterTalk_33_128,1
StutterTalk_33_137,1
StutterTalk_33_147,1
StutterTalk_33_175,1
StutterTalk_33_18,1
StutterTalk_33_181,1
StutterTalk_33_183,1
StutterTalk_33_189,1
StutterTalk_33_190,1
StutterTalk_33_191,1
StutterTalk_33_192,1
StutterTalk_33_201,1
StutterTalk_33_22,1
StutterTalk_33_23,1
StutterTalk_33_38,1
StutterTalk_33_44,1
StutterTalk_33_48,1
StutterTalk_33_61,1
StutterTalk_33_65,1
StutterTalk_33_69,1
StutterTalk_33_71,1
StutterTalk_33_75,1
StutterTalk_33_87,1
StutterTalk_33_89,1
StutterTalk_33_93,1
StutterTalk_33_98,1
StutterTalk_34_13,1
StutterTalk_34_15,1
StutterTalk_34_20,1
StutterTalk_34_32,1
StutterTalk_34_35,1
StutterTalk_35_14,1
StutterTalk_35_17,1
StutterTalk_35_22,1
StutterTalk_35_32,1
StutterTalk_36_1,1
StutterTalk_36_13,1
StutterTalk_36_2,1
StutterTalk_36_37,1
StutterTalk_36_4,1
StutterTalk_37_10,1
StutterTalk_37_143,1
StutterTalk_37_146,1
StutterTalk_37_147,1
StutterTalk_37_151,1
StutterTalk_37_161,1
StutterTalk_37_164,1
StutterTalk_37_168,1
StutterTalk_37_173,1
StutterTalk_37_188,1
StutterTalk_37_189,1
StutterTalk_37_22,1
StutterTalk_37_32,1
StutterTalk_37_35,1
StutterTalk_37_57,1
StutterTalk_37_58,1
StutterTalk_37_60,1
StutterTalk_37_83,1
StutterTalk_37_84,1
StutterTalk_37_88,1
StutterTalk_37_96,1
StutterTalk_37_98,1
StutterTalk_38_12,1
StutterTalk_38_14,1
StutterTalk_38_19,1
StutterTalk_38_22,1
StutterTalk_38_24,1
StutterTalk_38_34,1
StutterTalk_38_35,1
StutterTalk_38_8,1
StutterTalk_39_21,1
StutterTalk_39_31,1
StutterTalk_39_37,1
StutterTalk_3_19,1
StutterTalk_3_25,1
StutterTalk_3_29,1
StutterTalk_3_32,1
StutterTalk_3_39,1
StutterTalk_40_16,1
StutterTalk_40_22,1
StutterTalk_40_24,1
StutterTalk_40_32,1
StutterTalk_40_39,1
StutterTalk_41_35,1
StutterTalk_41_39,1
StutterTalk_41_8,1
StutterTalk_42_11,1
StutterTalk_42_33,1
StutterTalk_42_39,1
StutterTalk_42_5,1
StutterTalk_42_7,1
StutterTalk_43_102,1
StutterTalk_43_107,1
StutterTalk_43_111,1
StutterTalk_43_12,1
StutterTalk_43_123,1
StutterTalk_43_127,1
StutterTalk_43_139,1
StutterTalk_43_144,1
StutterTalk_43_146,1
StutterTalk_43_148,1
StutterTalk_43_151,1
StutterTalk_43_157,1
StutterTalk_43_16,1
StutterTalk_43_172,1
StutterTalk_43_175,1
StutterTalk_43_177,1
StutterTalk_43_179,1
StutterTalk_43_185,1
StutterTalk_43_190,1
StutterTalk_43_20,1
StutterTalk_43_201,1
StutterTalk_43_204,1
StutterTalk_43_28,1
StutterTalk_43_3,1
StutterTalk_43_36,1
StutterTalk_43_38,1
StutterTalk_43_41,1
StutterTalk_43_48,1
StutterTalk_43_50,1
StutterTalk_43_53,1
StutterTalk_43_54,1
StutterTalk_43_60,1
StutterTalk_43_65,1
StutterTalk_43_73,1
StutterTalk_43_75,1
StutterTalk_43_82,1
StutterTalk_44_35,1
StutterTalk_45_1,1
StutterTalk_45_14,1
StutterTalk_45_29,1
StutterTalk_45_9,1
StutterTalk_46_16,1
StutterTalk_46_28,1
StutterTalk_47_17,1
StutterTalk_47_22,1
StutterTalk_47_30,1
StutterTalk_48_39,1
StutterTalk_49_13,1
StutterTalk_49_23,1
StutterTalk_49_29,1
StutterTalk_49_3,1
StutterTalk_49_30,1
StutterTalk_4_0,1
StutterTalk_4_10,1
StutterTalk_4_15,1
StutterTalk_4_16,1
StutterTalk_4_26,1
StutterTalk_4_33,1
StutterTalk_4_4,1
StutterTalk_4_6,1
StutterTalk_50_36,1
StutterTalk_50_4,1
StutterTalk_50_7,1
StutterTalk_51_10,1
StutterTalk_51_13,1
StutterTalk_51_31,1
StutterTalk_52_38,1
StutterTalk_53_15,1
StutterTalk_53_29,1
StutterTalk_53_3,1
StutterTalk_54_0,1
StutterTalk_54_28,1
StutterTalk_54_30,1
StutterTalk_54_4,1
StutterTalk_55_1,1
StutterTalk_56_16,1
StutterTalk_56_34,1
StutterTalk_57_12,1
StutterTalk_57_23,1
StutterTalk_57_31,1
StutterTalk_58_17,1
StutterTalk_58_26,1
StutterTalk_58_39,1
StutterTalk_58_4,1
StutterTalk_59_17,1
StutterTalk_59_28,1
StutterTalk_5_26,1
StutterTalk_5_30,1
StutterTalk_60_19,1
StutterTalk_60_3,1
StutterTalk_60_37,1
StutterTalk_62_17,1
StutterTalk_62_2,1
StutterTalk_62_24,1
StutterTalk_62_30,1
StutterTalk_62_8,1
StutterTalk_63_10,1
StutterTalk_63_102,1
StutterTalk_63_107,1
StutterTalk_63_108,1
StutterTalk_63_118,1
StutterTalk_63_12,1
StutterTalk_63_133,1
StutterTalk_63_141,1
StutterTalk_63_143,1
StutterTalk_63_146,1
StutterTalk_63_149,1
StutterTalk_63_151,1
StutterTalk_63_153,1
StutterTalk_63_16,1
StutterTalk_63_164,1
StutterTalk_63_21,1
StutterTalk_63_26,1
StutterTalk_63_27,1
StutterTalk_63_3,1
StutterTalk_63_33,1
StutterTalk_63_38,1
StutterTalk_63_39,1
StutterTalk_63_42,1
StutterTalk_63_47,1
StutterTalk_63_5,1
StutterTalk_63_53,1
StutterTalk_63_59,1
StutterTalk_63_67,1
StutterTalk_63_68,1
StutterTalk_63_69,1
StutterTalk_63_7,1
StutterTalk_63_70,1
StutterTalk_63_82,1
StutterTalk_63_84,1
StutterTalk_63_85,1
StutterTalk_63_86,1
StutterTalk_63_90,1
StutterTalk_63_96,1
StutterTalk_63_99,1
StutterTalk_64_101,1
StutterTalk_64_106,1
StutterTalk_64_116,1
StutterTalk_64_119,1
StutterTalk_64_125,1
StutterTalk_64_129,1
StutterTalk_64_130,1
StutterTalk_64_131,1
StutterTalk_64_154,1
StutterTalk_64_156,1
StutterTalk_64_159,1
StutterTalk_64_174,1
StutterTalk_64_19,1
StutterTalk_64_200,1
StutterTalk_64_21,1
StutterTalk_64_28,1
StutterTalk_64_4,1
StutterTalk_64_50,1
StutterTalk_64_62,1
StutterTalk_64_72,1
StutterTalk_64_88,1
StutterTalk_64_89,1
StutterTalk_64_9,1
StutterTalk_64_93,1
StutterTalk_65_17,1
StutterTalk_65_20,1
StutterTalk_65_25,1
StutterTalk_65_33,1
StutterTalk_65_6,1
StutterTalk_66_10,1
StutterTalk_66_11,1
StutterTalk_66_13,1
StutterTalk_66_23,1
StutterTalk_66_33,1
StutterTalk_66_37,1
StutterTalk_66_4,1
StutterTalk_67_2,1
StutterTalk_67_20,1
StutterTalk_67_26,1
StutterTalk_67_30,1
StutterTalk_67_36,1
StutterTalk_68_0,1
StutterTalk_68_106,1
StutterTalk_68_107,1
StutterTalk_68_109,1
StutterTalk_68_114,1
StutterTalk_68_118,1
StutterTalk_68_128,1
StutterTalk_68_133,1
StutterTalk_68_134,1
StutterTalk_68_138,1
StutterTalk_68_142,1
StutterTalk_68_157,1
StutterTalk_68_158,1
StutterTalk_68_160,1
StutterTalk_68_165,1
StutterTalk_68_202,1
StutterTalk_68_210,1
StutterTalk_68_29,1
StutterTalk_68_31,1
StutterTalk_68_41,1
StutterTalk_68_46,1
StutterTalk_68_56,1
StutterTalk_68_74,1
StutterTalk_68_79,1
StutterTalk_68_97,1
StutterTalk_69_22,1
StutterTalk_69_27,1
StutterTalk_69_35,1
StutterTalk_69_37,1
StutterTalk_69_39,1
StutterTalk_6_109,1
StutterTalk_6_110,1
StutterTalk_6_116,1
StutterTalk_6_117,1
StutterTalk_6_134,1
StutterTalk_6_15,1
StutterTalk_6_157,1
StutterTalk_6_161,1
StutterTalk_6_172,1
StutterTalk_6_176,1
StutterTalk_6_179,1
StutterTalk_6_187,1
StutterTalk_6_221,1
StutterTalk_6_38,1
StutterTalk_6_43,1
StutterTalk_6_44,1
StutterTalk_6_58,1
StutterTalk_6_61,1
StutterTalk_6_72,1
StutterTalk_6_75,1
StutterTalk_6_86,1
StutterTalk_6_91,1
StutterTalk_70_18,1
StutterTalk_70_30,1
StutterTalk_70_6,1
StutterTalk_71_21,1
StutterTalk_71_28,1
StutterTalk_71_29,1
StutterTalk_71_33,1
StutterTalk_71_4,1
StutterTalk_72_104,1
StutterTalk_72_105,1
StutterTalk_72_110,1
StutterTalk_72_112,1
StutterTalk_72_116,1
StutterTalk_72_124,1
StutterTalk_72_125,1
StutterTalk_72_137,1
StutterTalk_72_149,1
StutterTalk_72_157,1
StutterTalk_72_158,1
StutterTalk_72_160,1
StutterTalk_72_164,1
StutterTalk_72_166,1
StutterTalk_72_168,1
StutterTalk_72_170,1
StutterTalk_72_174,1
StutterTalk_72_180,1
StutterTalk_72_198,1
StutterTalk_72_2,1
StutterTalk_72_200,1
StutterTalk_72_21,1
StutterTalk_72_25,1
StutterTalk_72_30,1
StutterTalk_72_34,1
StutterTalk_72_36,1
StutterTalk_72_46,1
StutterTalk_72_51,1
StutterTalk_72_52,1
StutterTalk_72_54,1
StutterTalk_72_61,1
StutterTalk_72_66,1
StutterTalk_72_69,1
StutterTalk_72_73,1
StutterTalk_72_81,1
StutterTalk_72_82,1
StutterTalk_72_84,1
StutterTalk_72_89,1
StutterTalk_72_92,1
StutterTalk_73_14,1
StutterTalk_73_15,1
StutterTalk_73_36,1
StutterTalk_73_4,1
StutterTalk_73_7,1
StutterTalk_74_10,1
StutterTalk_74_29,1
StutterTalk_75_1,1
StutterTalk_75_24,1
StutterTalk_75_25,1
StutterTalk_75_6,1
StutterTalk_75_7,1
StutterTalk_75_9,1
StutterTalk_76_15,1
StutterTalk_76_16,1
StutterTalk_76_22,1
StutterTalk_76_3,1
StutterTalk_76_30,1
StutterTalk_76_37,1
StutterTalk_76_39,1
StutterTalk_76_8,1
StutterTalk_77_13,1
StutterTalk_77_16,1
StutterTalk_77_25,1
StutterTalk_77_26,1
StutterTalk_77_27,1
StutterTalk_77_32,1
StutterTalk_77_37,1
StutterTalk_77_39,1
StutterTalk_77_9,1
StutterTalk_78_31,1
StutterTalk_79_0,1
StutterTalk_79_18,1
StutterTalk_79_21,1
StutterTalk_79_22,1
StutterTalk_79_27,1
StutterTalk_79_29,1
StutterTalk_79_6,1
StutterTalk_7_2,1
StutterTalk_7_21,1
StutterTalk_7_28,1
StutterTalk_7_3,1
StutterTalk_7_36,1
StutterTalk_8_112,1
StutterTalk_8_113,1
StutterTalk_8_117,1
StutterTalk_8_127,1
StutterTalk_8_150,1
StutterTalk_8_159,1
StutterTalk_8_160,1
StutterTalk_8_165,1
StutterTalk_8_170,1
StutterTalk_8_177,1
StutterTalk_8_180,1
StutterTalk_8_184,1
StutterTalk_8_185,1
StutterTalk_8_21,1
StutterTalk_8_25,1
StutterTalk_8_33,1
StutterTalk_8_34,1
StutterTalk_8_54,1
StutterTalk_8_61,1
StutterTalk_8_62,1
StutterTalk_8_72,1
StutterTalk_8_76,1
StutterTalk_8_88,1
StutterTalk_8_92,1
StutterTalk_8_94,1
StutterTalk_9_11,1
StutterTalk_9_14,1
StutterTalk_9_29,1
StutterTalk_9_7,1
StutteringIsCool_11_6,1
StutteringIsCool_12_13,1
StutteringIsCool_12_14,1
StutteringIsCool_12_16,1
StutteringIsCool_12_22,1
StutteringIsCool_12_23,1
StutteringIsCool_12_31,1
StutteringIsCool_12_37,1
StutteringIsCool_14_35,1
StutteringIsCool_15_24,1
StutteringIsCool_15_28,1
StutteringIsCool_16_16,1
StutteringIsCool_17_8,1
StutteringIsCool_18_14,1
StutteringIsCool_18_25,1
StutteringIsCool_18_39,1
StutteringIsCool_19_2,1
StutteringIsCool_19_39,1
StutteringIsCool_1_0,1
StutteringIsCool_1_20,1
StutteringIsCool_1_23,1
StutteringIsCool_1_28,1
StutteringIsCool_1_29,1
StutteringIsCool_1_38,1
StutteringIsCool_1_39,1
StutteringIsCool_1_6,1
StutteringIsCool_20_1,1
StutteringIsCool_20_12,1
StutteringIsCool_20_19,1
StutteringIsCool_21_17,1
StutteringIsCool_21_23,1
StutteringIsCool_21_30,1
StutteringIsCool_21_36,1
StutteringIsCool_21_38,1
StutteringIsCool_21_39,1
StutteringIsCool_21_9,1
StutteringIsCool_23_11,1
StutteringIsCool_24_19,1
StutteringIsCool_24_29,1
StutteringIsCool_24_3,1
StutteringIsCool_25_10,1
StutteringIsCool_26_0,1
StutteringIsCool_26_15,1
StutteringIsCool_26_19,1
StutteringIsCool_27_30,1
StutteringIsCool_27_33,1
StutteringIsCool_27_8,1
StutteringIsCool_28_5,1
StutteringIsCool_28_7,1
StutteringIsCool_29_10,1
StutteringIsCool_29_36,1
StutteringIsCool_30_10,1
StutteringIsCool_31_0,1
StutteringIsCool_31_37,1
StutteringIsCool_31_6,1
StutteringIsCool_32_17,1
StutteringIsCool_32_18,1
StutteringIsCool_32_27,1
StutteringIsCool_32_7,1
StutteringIsCool_33_0,1
StutteringIsCool_33_16,1
StutteringIsCool_33_20,1
StutteringIsCool_33_25,1
StutteringIsCool_34_10,1
StutteringIsCool_34_101,1
StutteringIsCool_34_103,1
StutteringIsCool_34_106,1
StutteringIsCool_34_112,1
StutteringIsCool_34_115,1
StutteringIsCool_34_118,1
StutteringIsCool_34_121,1
StutteringIsCool_34_128,1
StutteringIsCool_34_129,1
StutteringIsCool_34_133,1
StutteringIsCool_34_166,1
StutteringIsCool_34_168,1
StutteringIsCool_34_174,1
StutteringIsCool_34_188,1
StutteringIsCool_34_20,1
StutteringIsCool_34_26,1
StutteringIsCool_34_29,1
StutteringIsCool_34_30,1
StutteringIsCool_34_47,1
StutteringIsCool_34_53,1
StutteringIsCool_34_54,1
StutteringIsCool_34_58,1
StutteringIsCool_34_59,1
StutteringIsCool_34_64,1
StutteringIsCool_34_65,1
StutteringIsCool_34_66,1
StutteringIsCool_34_80,1
StutteringIsCool_34_84,1
StutteringIsCool_34_85,1
StutteringIsCool_34_97,1
StutteringIsCool_34_99,1
StutteringIsCool_35_2,1
StutteringIsCool_35_6,1
StutteringIsCool_36_0,1
StutteringIsCool_36_14,1
StutteringIsCool_36_32,1
StutteringIsCool_36_33,1
StutteringIsCool_36_8,1
StutteringIsCool_37_1,1
StutteringIsCool_37_10,1
StutteringIsCool_37_17,1
StutteringIsCool_37_20,1
StutteringIsCool_37_23,1
StutteringIsCool_37_27,1
StutteringIsCool_37_28,1
StutteringIsCool_37_29,1
StutteringIsCool_38_32,1
StutteringIsCool_39_10,1
StutteringIsCool_39_24,1
StutteringIsCool_39_25,1
StutteringIsCool_39_28,1
StutteringIsCool_3_10,1
StutteringIsCool_3_32,1
StutteringIsCool_3_36,1
StutteringIsCool_3_37,1
StutteringIsCool_40_10,1
StutteringIsCool_40_15,1
StutteringIsCool_40_27,1
StutteringIsCool_40_29,1
StutteringIsCool_40_3,1
StutteringIsCool_40_30,1
StutteringIsCool_40_31,1
StutteringIsCool_40_35,1
StutteringIsCool_40_9,1
StutteringIsCool_41_15,1
StutteringIsCool_41_18,1
StutteringIsCool_42_27,1
StutteringIsCool_42_35,1
StutteringIsCool_42_4,1
StutteringIsCool_43_22,1
StutteringIsCool_43_29,1
StutteringIsCool_43_39,1
StutteringIsCool_43_5,1
StutteringIsCool_43_7,1
StutteringIsCool_44_10,1
StutteringIsCool_44_20,1
StutteringIsCool_44_29,1
StutteringIsCool_44_3,1
StutteringIsCool_44_35,1
StutteringIsCool_44_9,1
StutteringIsCool_45_0,1
StutteringIsCool_45_14,1
StutteringIsCool_45_22,1
StutteringIsCool_45_3,1
StutteringIsCool_46_101,1
StutteringIsCool_46_111,1
StutteringIsCool_46_118,1
StutteringIsCool_46_133,1
StutteringIsCool_46_14,1
StutteringIsCool_46_142,1
StutteringIsCool_46_146,1
StutteringIsCool_46_147,1
StutteringIsCool_46_150,1
StutteringIsCool_46_164,1
StutteringIsCool_46_167,1
StutteringIsCool_46_181,1
StutteringIsCool_46_187,1
StutteringIsCool_46_193,1
StutteringIsCool_46_21,1
StutteringIsCool_46_24,1
StutteringIsCool_46_30,1
StutteringIsCool_46_38,1
StutteringIsCool_46_41,1
StutteringIsCool_46_51,1
StutteringIsCool_46_52,1
StutteringIsCool_46_55,1
StutteringIsCool_46_56,1
StutteringIsCool_46_70,1
StutteringIsCool_46_76,1
StutteringIsCool_46_85,1
StutteringIsCool_46_88,1
StutteringIsCool_46_92,1
StutteringIsCool_46_93,1
StutteringIsCool_47_15,1
StutteringIsCool_47_19,1
StutteringIsCool_47_30,1
StutteringIsCool_47_6,1
StutteringIsCool_48_0,1
StutteringIsCool_48_2,1
StutteringIsCool_48_25,1
StutteringIsCool_48_7,1
StutteringIsCool_49_18,1
StutteringIsCool_4_14,1
StutteringIsCool_4_36,1
StutteringIsCool_4_7,1
StutteringIsCool_50_13,1
StutteringIsCool_50_16,1
StutteringIsCool_50_3,1
StutteringIsCool_51_20,1
StutteringIsCool_52_0,1
StutteringIsCool_52_11,1
StutteringIsCool_52_12,1
StutteringIsCool_52_14,1
StutteringIsCool_52_17,1
StutteringIsCool_52_24,1
StutteringIsCool_52_27,1
StutteringIsCool_52_34,1
StutteringIsCool_52_35,1
StutteringIsCool_52_36,1
StutteringIsCool_52_8,1
StutteringIsCool_52_9,1
StutteringIsCool_53_2,1
StutteringIsCool_53_28,1
StutteringIsCool_54_0,1
StutteringIsCool_54_2,1
StutteringIsCool_54_20,1
StutteringIsCool_54_23,1
StutteringIsCool_54_30,1
StutteringIsCool_54_31,1
StutteringIsCool_55_28,1
StutteringIsCool_55_33,1
StutteringIsCool_55_4,1
StutteringIsCool_56_0,1
StutteringIsCool_56_13,1
StutteringIsCool_57_13,1
StutteringIsCool_57_27,1
StutteringIsCool_59_30,1
StutteringIsCool_5_15,1
StutteringIsCool_5_19,1
StutteringIsCool_5_2,1
StutteringIsCool_5_26,1
StutteringIsCool_5_27,1
StutteringIsCool_5_9,1
StutteringIsCool_60_11,1
StutteringIsCool_60_2,1
StutteringIsCool_60_26,1
StutteringIsCool_60_31,1
StutteringIsCool_60_32,1
StutteringIsCool_61_36,1
StutteringIsCool_62_14,1
StutteringIsCool_62_23,1
StutteringIsCool_62_32,1
StutteringIsCool_62_5,1
StutteringIsCool_63_20,1
StutteringIsCool_63_30,1
StutteringIsCool_64_34,1
StutteringIsCool_64_35,1
StutteringIsCool_66_12,1
StutteringIsCool_66_20,1
StutteringIsCool_66_23,1
StutteringIsCool_66_32,1
StutteringIsCool_67_27,1
StutteringIsCool_68_1,1
StutteringIsCool_68_10,1
StutteringIsCool_68_16,1
StutteringIsCool_68_33,1
StutteringIsCool_68_7,1
StutteringIsCool_69_20,1
StutteringIsCool_69_24,1
StutteringIsCool_69_33,1
StutteringIsCool_6_0,1
StutteringIsCool_6_1,1
StutteringIsCool_6_3,1
StutteringIsCool_70_33,1
StutteringIsCool_71_17,1
StutteringIsCool_71_21,1
StutteringIsCool_71_25,1
StutteringIsCool_71_27,1
StutteringIsCool_71_31,1
StutteringIsCool_72_0,1
StutteringIsCool_72_18,1
StutteringIsCool_72_24,1
StutteringIsCool_72_6,1
StutteringIsCool_73_1,1
StutteringIsCool_73_11,1
StutteringIsCool_73_16,1
StutteringIsCool_73_20,1
StutteringIsCool_73_29,1
StutteringIsCool_73_33,1
StutteringIsCool_73_4,1
StutteringIsCool_73_6,1
StutteringIsCool_74_18,1
StutteringIsCool_74_19,1
StutteringIsCool_74_31,1
StutteringIsCool_74_34,1
StutteringIsCool_75_0,1
StutteringIsCool_75_11,1
StutteringIsCool_75_2,1
StutteringIsCool_75_24,1
StutteringIsCool_75_25,1
StutteringIsCool_75_35,1
StutteringIsCool_75_37,1
StutteringIsCool_75_4,1
StutteringIsCool_76_29,1
StutteringIsCool_76_7,1
StutteringIsCool_77_12,1
StutteringIsCool_77_14,1
StutteringIsCool_77_27,1
StutteringIsCool_77_28,1
StutteringIsCool_77_39,1
StutteringIsCool_77_4,1
StutteringIsCool_77_6,1
StutteringIsCool_78_12,1
StutteringIsCool_78_21,1
StutteringIsCool_78_24,1
StutteringIsCool_78_26,1
StutteringIsCool_78_27,1
StutteringIsCool_78_3,1
StutteringIsCool_78_38,1
StutteringIsCool_78_39,1
StutteringIsCool_78_5,1
StutteringIsCool_78_9,1
StutteringIsCool_79_18,1
StutteringIsCool_79_24,1
StutteringIsCool_79_9,1
StutteringIsCool_7_12,1
StutteringIsCool_7_13,1
StutteringIsCool_7_18,1
StutteringIsCool_7_24,1
StutteringIsCool_7_26,1
StutteringIsCool_7_3,1
StutteringIsCool_7_33,1
StutteringIsCool_7_9,1
StutteringIsCool_80_102,1
StutteringIsCool_80_108,1
StutteringIsCool_80_13,1
StutteringIsCool_80_132,1
StutteringIsCool_80_137,1
StutteringIsCool_80_14,1
StutteringIsCool_80_141,1
StutteringIsCool_80_156,1
StutteringIsCool_80_158,1
StutteringIsCool_80_16,1
StutteringIsCool_80_160,1
StutteringIsCool_80_161,1
StutteringIsCool_80_17,1
StutteringIsCool_80_172,1
StutteringIsCool_80_178,1
StutteringIsCool_80_180,1
StutteringIsCool_80_181,1
StutteringIsCool_80_183,1
StutteringIsCool_80_187,1
StutteringIsCool_80_191,1
StutteringIsCool_80_20,1
StutteringIsCool_80_204,1
StutteringIsCool_80_41,1
StutteringIsCool_80_52,1
StutteringIsCool_80_54,1
StutteringIsCool_80_55,1
StutteringIsCool_80_56,1
StutteringIsCool_80_58,1
StutteringIsCool_80_59,1
StutteringIsCool_80_6,1
StutteringIsCool_80_64,1
StutteringIsCool_80_7,1
StutteringIsCool_80_70,1
StutteringIsCool_80_8,1
StutteringIsCool_80_82,1
StutteringIsCool_81_10,1
StutteringIsCool_81_12,1
StutteringIsCool_81_13,1
StutteringIsCool_81_31,1
StutteringIsCool_81_6,1
StutteringIsCool_81_9,1
StutteringIsCool_82_112,1
StutteringIsCool_82_113,1
StutteringIsCool_82_116,1
StutteringIsCool_82_123,1
StutteringIsCool_82_132,1
StutteringIsCool_82_134,1
StutteringIsCool_82_136,1
StutteringIsCool_82_142,1
StutteringIsCool_82_155,1
StutteringIsCool_82_157,1
StutteringIsCool_82_158,1
StutteringIsCool_82_159,1
StutteringIsCool_82_160,1
StutteringIsCool_82_162,1
StutteringIsCool_82_17,1
StutteringIsCool_82_170,1
StutteringIsCool_82_18,1
StutteringIsCool_82_3,1
StutteringIsCool_82_48,1
StutteringIsCool_82_50,1
StutteringIsCool_82_60,1
StutteringIsCool_82_67,1
StutteringIsCool_82_79,1
StutteringIsCool_82_8,1
StutteringIsCool_8_10,1
WomenWhoStutter_0_138,1
WomenWhoStutter_0_144,1
WomenWhoStutter_0_148,1
WomenWhoStutter_0_149,1
WomenWhoStutter_0_157,1
WomenWhoStutter_0_158,1
WomenWhoStutter_0_16,1
WomenWhoStutter_0_160,1
WomenWhoStutter_0_161,1
WomenWhoStutter_0_176,1
WomenWhoStutter_0_177,1
WomenWhoStutter_0_179,1
WomenWhoStutter_0_180,1
WomenWhoStutter_0_183,1
WomenWhoStutter_0_184,1
WomenWhoStutter_0_185,1
WomenWhoStutter_0_186,1
WomenWhoStutter_0_19,1
WomenWhoStutter_0_192,1
WomenWhoStutter_0_197,1
WomenWhoStutter_0_2,1
WomenWhoStutter_0_20,1
WomenWhoStutter_0_201,1
WomenWhoStutter_0_202,1
WomenWhoStutter_0_208,1
WomenWhoStutter_0_212,1
WomenWhoStutter_0_220,1
WomenWhoStutter_0_226,1
WomenWhoStutter_0_231,1
WomenWhoStutter_0_232,1
WomenWhoStutter_0_233,1
WomenWhoStutter_0_236,1
WomenWhoStutter_0_240,1
WomenWhoStutter_0_241,1
WomenWhoStutter_0_247,1
WomenWhoStutter_0_248,1
WomenWhoStutter_0_249,1
WomenWhoStutter_0_25,1
WomenWhoStutter_0_251,1
WomenWhoStutter_0_256,1
WomenWhoStutter_0_258,1
WomenWhoStutter_0_261,1
WomenWhoStutter_0_264,1
WomenWhoStutter_0_268,1
WomenWhoStutter_0_270,1
WomenWhoStutter_0_271,1
WomenWhoStutter_0_276,1
WomenWhoStutter_0_277,1
WomenWhoStutter_0_34,1
WomenWhoStutter_0_8,1
WomenWhoStutter_0_87,1
WomenWhoStutter_0_88,1
WomenWhoStutter_100_20,1
WomenWhoStutter_100_26,1
WomenWhoStutter_100_6,1
WomenWhoStutter_100_7,1
WomenWhoStutter_101_122,1
WomenWhoStutter_101_127,1
WomenWhoStutter_101_130,1
WomenWhoStutter_101_132,1
WomenWhoStutter_101_14,1
WomenWhoStutter_101_143,1
WomenWhoStutter_101_159,1
WomenWhoStutter_101_166,1
WomenWhoStutter_101_173,1
WomenWhoStutter_101_182,1
WomenWhoStutter_101_183,1
WomenWhoStutter_101_192,1
WomenWhoStutter_101_193,1
WomenWhoStutter_101_23,1
WomenWhoStutter_101_29,1
WomenWhoStutter_101_32,1
WomenWhoStutter_101_36,1
WomenWhoStutter_101_44,1
WomenWhoStutter_101_62,1
WomenWhoStutter_101_63,1
WomenWhoStutter_101_65,1
WomenWhoStutter_101_69,1
WomenWhoStutter_101_82,1
WomenWhoStutter_101_97,1
WomenWhoStutter_102_15,1
WomenWhoStutter_102_19,1
WomenWhoStutter_102_21,1
WomenWhoStutter_103_104,1
WomenWhoStutter_103_109,1
WomenWhoStutter_103_117,1
WomenWhoStutter_103_133,1
WomenWhoStutter_103_144,1
WomenWhoStutter_103_154,1
WomenWhoStutter_103_16,1
WomenWhoStutter_103_160,1
WomenWhoStutter_103_166,1
WomenWhoStutter_103_167,1
WomenWhoStutter_103_178,1
WomenWhoStutter_103_180,1
WomenWhoStutter_103_185,1
WomenWhoStutter_103_53,1
WomenWhoStutter_103_56,1
WomenWhoStutter_103_6,1
WomenWhoStutter_103_77,1
WomenWhoStutter_103_9,1
WomenWhoStutter_103_91,1
WomenWhoStutter_103_93,1
WomenWhoStutter_104_11,1
WomenWhoStutter_105_15,1
WomenWhoStutter_105_20,1
WomenWhoStutter_105_27,1
WomenWhoStutter_105_28,1
WomenWhoStutter_105_33,1
WomenWhoStutter_105_38,1
WomenWhoStutter_105_5,1
WomenWhoStutter_106_4,1
WomenWhoStutter_107_11,1
WomenWhoStutter_108_2,1
WomenWhoStutter_108_20,1
WomenWhoStutter_108_27,1
WomenWhoStutter_108_4,1
WomenWhoStutter_108_7,1
WomenWhoStutter_109_1,1
WomenWhoStutter_109_16,1
WomenWhoStutter_109_29,1
WomenWhoStutter_109_36,1
WomenWhoStutter_10_103,1
WomenWhoStutter_10_11,1
WomenWhoStutter_10_116,1
WomenWhoStutter_10_119,1
WomenWhoStutter_10_120,1
WomenWhoStutter_10_121,1
WomenWhoStutter_10_127,1
WomenWhoStutter_10_129,1
WomenWhoStutter_10_132,1
WomenWhoStutter_10_135,1
WomenWhoStutter_10_137,1
WomenWhoStutter_10_14,1
WomenWhoStutter_10_145,1
WomenWhoStutter_10_151,1
WomenWhoStutter_10_158,1
WomenWhoStutter_10_159,1
WomenWhoStutter_10_167,1
WomenWhoStutter_10_170,1
WomenWhoStutter_10_176,1
WomenWhoStutter_10_178,1
WomenWhoStutter_10_181,1
WomenWhoStutter_10_182,1
WomenWhoStutter_10_185,1
WomenWhoStutter_10_186,1
WomenWhoStutter_10_187,1
WomenWhoStutter_10_189,1
WomenWhoStutter_10_191,1
WomenWhoStutter_10_196,1
WomenWhoStutter_10_197,1
WomenWhoStutter_10_198,1
WomenWhoStutter_10_26,1
WomenWhoStutter_10_33,1
WomenWhoStutter_10_36,1
WomenWhoStutter_10_41,1
WomenWhoStutter_10_44,1
WomenWhoStutter_10_45,1
WomenWhoStutter_10_47,1
WomenWhoStutter_10_48,1
WomenWhoStutter_10_49,1
WomenWhoStutter_10_64,1
WomenWhoStutter_10_70,1
WomenWhoStutter_10_71,1
WomenWhoStutter_10_72,1
WomenWhoStutter_10_78,1
WomenWhoStutter_10_87,1
WomenWhoStutter_10_88,1
WomenWhoStutter_10_89,1
WomenWhoStutter_11_1,1
WomenWhoStutter_11_11,1
WomenWhoStutter_11_39,1
WomenWhoStutter_11_7,1
WomenWhoStutter_12_14,1
WomenWhoStutter_12_18,1
WomenWhoStutter_12_21,1
WomenWhoStutter_12_23,1
WomenWhoStutter_12_24,1
WomenWhoStutter_12_33,1
WomenWhoStutter_12_34,1
WomenWhoStutter_12_39,1
WomenWhoStutter_12_4,1
WomenWhoStutter_13_11,1
WomenWhoStutter_13_3,1
WomenWhoStutter_13_4,1
WomenWhoStutter_13_9,1
WomenWhoStutter_14_1,1
WomenWhoStutter_14_100,1
WomenWhoStutter_14_108,1
WomenWhoStutter_14_11,1
WomenWhoStutter_14_117,1
WomenWhoStutter_14_12,1
WomenWhoStutter_14_120,1
WomenWhoStutter_14_121,1
WomenWhoStutter_14_128,1
WomenWhoStutter_14_132,1
WomenWhoStutter_14_135,1
WomenWhoStutter_14_140,1
WomenWhoStutter_14_15,1
WomenWhoStutter_14_153,1
WomenWhoStutter_14_156,1
WomenWhoStutter_14_159,1
WomenWhoStutter_14_177,1
WomenWhoStutter_14_18,1
WomenWhoStutter_14_181,1
WomenWhoStutter_14_182,1
WomenWhoStutter_14_183,1
WomenWhoStutter_14_186,1
WomenWhoStutter_14_189,1
WomenWhoStutter_14_190,1
WomenWhoStutter_14_191,1
WomenWhoStutter_14_192,1
WomenWhoStutter_14_194,1
WomenWhoStutter_14_195,1
WomenWhoStutter_14_196,1
WomenWhoStutter_14_198,1
WomenWhoStutter_14_200,1
WomenWhoStutter_14_203,1
WomenWhoStutter_14_204,1
WomenWhoStutter_14_206,1
WomenWhoStutter_14_25,1
WomenWhoStutter_14_28,1
WomenWhoStutter_14_3,1
WomenWhoStutter_14_32,1
WomenWhoStutter_14_46,1
WomenWhoStutter_14_50,1
WomenWhoStutter_14_51,1
WomenWhoStutter_14_52,1
WomenWhoStutter_14_53,1
WomenWhoStutter_14_55,1
WomenWhoStutter_14_59,1
WomenWhoStutter_14_60,1
WomenWhoStutter_14_65,1
WomenWhoStutter_14_75,1
WomenWhoStutter_14_76,1
WomenWhoStutter_14_80,1
WomenWhoStutter_14_82,1
WomenWhoStutter_14_87,1
WomenWhoStutter_14_88,1
WomenWhoStutter_14_92,1
WomenWhoStutter_14_93,1
WomenWhoStutter_14_95,1
WomenWhoStutter_15_15,1
WomenWhoStutter_15_2,1
WomenWhoStutter_15_20,1
WomenWhoStutter_15_21,1
WomenWhoStutter_15_5,1
WomenWhoStutter_16_14,1
WomenWhoStutter_16_20,1
WomenWhoStutter_16_32,1
WomenWhoStutter_16_38,1
WomenWhoStutter_16_7,1
WomenWhoStutter_17_2,1
WomenWhoStutter_17_27,1
WomenWhoStutter_17_3,1
WomenWhoStutter_17_31,1
WomenWhoStutter_17_36,1
WomenWhoStutter_18_11,1
WomenWhoStutter_18_13,1
WomenWhoStutter_18_14,1
WomenWhoStutter_18_22,1
WomenWhoStutter_18_28,1
WomenWhoStutter_18_34,1
WomenWhoStutter_18_36,1
WomenWhoStutter_18_38,1
WomenWhoStutter_18_7,1
WomenWhoStutter_19_102,1
WomenWhoStutter_19_104,1
WomenWhoStutter_19_114,1
WomenWhoStutter_19_116,1
WomenWhoStutter_19_122,1
WomenWhoStutter_19_123,1
WomenWhoStutter_19_125,1
WomenWhoStutter_19_128,1
WomenWhoStutter_19_129,1
WomenWhoStutter_19_13,1
WomenWhoStutter_19_132,1
WomenWhoStutter_19_134,1
WomenWhoStutter_19_150,1
WomenWhoStutter_19_154,1
WomenWhoStutter_19_155,1
WomenWhoStutter_19_156,1
WomenWhoStutter_19_158,1
WomenWhoStutter_19_16,1
WomenWhoStutter_19_160,1
WomenWhoStutter_19_176,1
WomenWhoStutter_19_179,1
WomenWhoStutter_19_182,1
WomenWhoStutter_19_196,1
WomenWhoStutter_19_199,1
WomenWhoStutter_19_203,1
WomenWhoStutter_19_28,1
WomenWhoStutter_19_29,1
WomenWhoStutter_19_3,1
WomenWhoStutter_19_32,1
WomenWhoStutter_19_33,1
WomenWhoStutter_19_39,1
WomenWhoStutter_19_40,1
WomenWhoStutter_19_43,1
WomenWhoStutter_19_58,1
WomenWhoStutter_19_66,1
WomenWhoStutter_19_68,1
WomenWhoStutter_19_69,1
WomenWhoStutter_19_72,1
WomenWhoStutter_19_74,1
WomenWhoStutter_19_82,1
WomenWhoStutter_19_85,1
WomenWhoStutter_19_87,1
WomenWhoStutter_19_9,1
WomenWhoStutter_19_94,1
WomenWhoStutter_19_96,1
WomenWhoStutter_19_99,1
WomenWhoStutter_1_0,1
WomenWhoStutter_1_106,1
WomenWhoStutter_1_107,1
WomenWhoStutter_1_108,1
WomenWhoStutter_1_11,1
WomenWhoStutter_1_110,1
WomenWhoStutter_1_111,1
WomenWhoStutter_1_121,1
WomenWhoStutter_1_124,1
WomenWhoStutter_1_127,1
WomenWhoStutter_1_128,1
WomenWhoStutter_1_14,1
WomenWhoStutter_1_142,1
WomenWhoStutter_1_145,1
WomenWhoStutter_1_151,1
WomenWhoStutter_1_154,1
WomenWhoStutter_1_165,1
WomenWhoStutter_1_167,1
WomenWhoStutter_1_168,1
WomenWhoStutter_1_171,1
WomenWhoStutter_1_174,1
WomenWhoStutter_1_185,1
WomenWhoStutter_1_186,1
WomenWhoStutter_1_22,1
WomenWhoStutter_1_26,1
WomenWhoStutter_1_3,1
WomenWhoStutter_1_32,1
WomenWhoStutter_1_39,1
WomenWhoStutter_1_50,1
WomenWhoStutter_1_53,1
WomenWhoStutter_1_56,1
WomenWhoStutter_1_60,1
WomenWhoStutter_1_61,1
WomenWhoStutter_1_63,1
WomenWhoStutter_1_7,1
WomenWhoStutter_1_78,1
WomenWhoStutter_1_8,1
WomenWhoStutter_1_84,1
WomenWhoStutter_1_92,1
WomenWhoStutter_1_94,1
WomenWhoStutter_1_96,1
WomenWhoStutter_20_26,1
WomenWhoStutter_20_36,1
WomenWhoStutter_21_107,1
WomenWhoStutter_21_124,1
WomenWhoStutter_21_13,1
WomenWhoStutter_21_132,1
WomenWhoStutter_21_147,1
WomenWhoStutter_21_149,1
WomenWhoStutter_21_182,1
WomenWhoStutter_21_193,1
WomenWhoStutter_21_194,1
WomenWhoStutter_21_196,1
WomenWhoStutter_21_31,1
WomenWhoStutter_21_45,1
WomenWhoStutter_21_48,1
WomenWhoStutter_21_49,1
WomenWhoStutter_21_5,1
WomenWhoStutter_21_57,1
WomenWhoStutter_21_65,1
WomenWhoStutter_21_68,1
WomenWhoStutter_21_74,1
WomenWhoStutter_21_75,1
WomenWhoStutter_21_76,1
WomenWhoStutter_21_8,1
WomenWhoStutter_21_82,1
WomenWhoStutter_22_11,1
WomenWhoStutter_22_23,1
WomenWhoStutter_22_30,1
WomenWhoStutter_22_32,1
WomenWhoStutter_22_39,1
WomenWhoStutter_23_36,1
WomenWhoStutter_24_11,1
WomenWhoStutter_24_13,1
WomenWhoStutter_24_16,1
WomenWhoStutter_24_17,1
WomenWhoStutter_24_29,1
WomenWhoStutter_24_31,1
WomenWhoStutter_24_33,1
WomenWhoStutter_25_1,1
WomenWhoStutter_25_24,1
WomenWhoStutter_25_25,1
WomenWhoStutter_25_33,1
WomenWhoStutter_25_4,1
WomenWhoStutter_25_9,1
WomenWhoStutter_26_11,1
WomenWhoStutter_26_2,1
WomenWhoStutter_26_29,1
WomenWhoStutter_26_35,1
WomenWhoStutter_26_4,1
WomenWhoStutter_27_22,1
WomenWhoStutter_27_36,1
WomenWhoStutter_27_39,1
WomenWhoStutter_28_2,1
WomenWhoStutter_28_29,1
WomenWhoStutter_29_13,1
WomenWhoStutter_2_104,1
WomenWhoStutter_2_108,1
WomenWhoStutter_2_116,1
WomenWhoStutter_2_122,1
WomenWhoStutter_2_129,1
WomenWhoStutter_2_14,1
WomenWhoStutter_2_145,1
WomenWhoStutter_2_150,1
WomenWhoStutter_2_156,1
WomenWhoStutter_2_16,1
WomenWhoStutter_2_175,1
WomenWhoStutter_2_18,1
WomenWhoStutter_2_196,1
WomenWhoStutter_2_197,1
WomenWhoStutter_2_20,1
WomenWhoStutter_2_201,1
WomenWhoStutter_2_204,1
WomenWhoStutter_2_21,1
WomenWhoStutter_2_210,1
WomenWhoStutter_2_31,1
WomenWhoStutter_2_35,1
WomenWhoStutter_2_37,1
WomenWhoStutter_2_38,1
WomenWhoStutter_2_41,1
WomenWhoStutter_2_47,1
WomenWhoStutter_2_65,1
WomenWhoStutter_2_70,1
WomenWhoStutter_2_93,1
WomenWhoStutter_2_98,1
WomenWhoStutter_30_100,1
WomenWhoStutter_30_105,1
WomenWhoStutter_30_116,1
WomenWhoStutter_30_145,1
WomenWhoStutter_30_15,1
WomenWhoStutter_30_152,1
WomenWhoStutter_30_164,1
WomenWhoStutter_30_166,1
WomenWhoStutter_30_168,1
WomenWhoStutter_30_173,1
WomenWhoStutter_30_182,1
WomenWhoStutter_30_203,1
WomenWhoStutter_30_25,1
WomenWhoStutter_30_31,1
WomenWhoStutter_30_37,1
WomenWhoStutter_30_38,1
WomenWhoStutter_30_48,1
WomenWhoStutter_30_53,1
WomenWhoStutter_30_54,1
WomenWhoStutter_30_73,1
WomenWhoStutter_30_78,1
WomenWhoStutter_30_82,1
WomenWhoStutter_30_84,1
WomenWhoStutter_30_93,1
WomenWhoStutter_30_96,1
WomenWhoStutter_31_0,1
WomenWhoStutter_31_11,1
WomenWhoStutter_31_12,1
WomenWhoStutter_31_19,1
WomenWhoStutter_31_21,1
WomenWhoStutter_31_23,1
WomenWhoStutter_31_24,1
WomenWhoStutter_31_26,1
WomenWhoStutter_31_27,1
WomenWhoStutter_31_29,1
WomenWhoStutter_31_3,1
WomenWhoStutter_31_32,1
WomenWhoStutter_31_35,1
WomenWhoStutter_31_39,1
WomenWhoStutter_32_10,1
WomenWhoStutter_32_28,1
WomenWhoStutter_32_32,1
WomenWhoStutter_32_5,1
WomenWhoStutter_33_1,1
WomenWhoStutter_33_14,1
WomenWhoStutter_33_15,1
WomenWhoStutter_33_28,1
WomenWhoStutter_33_29,1
WomenWhoStutter_33_3,1
WomenWhoStutter_33_31,1
WomenWhoStutter_33_36,1
WomenWhoStutter_33_39,1
WomenWhoStutter_34_10,1
WomenWhoStutter_34_115,1
WomenWhoStutter_34_120,1
WomenWhoStutter_34_149,1
WomenWhoStutter_34_157,1
WomenWhoStutter_34_166,1
WomenWhoStutter_34_188,1
WomenWhoStutter_34_189,1
WomenWhoStutter_34_190,1
WomenWhoStutter_34_195,1
WomenWhoStutter_34_197,1
WomenWhoStutter_34_201,1
WomenWhoStutter_34_207,1
WomenWhoStutter_34_209,1
WomenWhoStutter_34_210,1
WomenWhoStutter_34_26,1
WomenWhoStutter_34_29,1
WomenWhoStutter_34_30,1
WomenWhoStutter_34_32,1
WomenWhoStutter_34_37,1
WomenWhoStutter_34_48,1
WomenWhoStutter_34_50,1
WomenWhoStutter_34_52,1
WomenWhoStutter_34_53,1
WomenWhoStutter_34_56,1
WomenWhoStutter_34_58,1
WomenWhoStutter_34_69,1
WomenWhoStutter_34_89,1
WomenWhoStutter_34_99,1
WomenWhoStutter_35_11,1
WomenWhoStutter_35_15,1
WomenWhoStutter_35_17,1
WomenWhoStutter_35_2,1
WomenWhoStutter_36_0,1
WomenWhoStutter_36_19,1
WomenWhoStutter_36_30,1
WomenWhoStutter_36_37,1
WomenWhoStutter_36_7,1
WomenWhoStutter_37_1,1
WomenWhoStutter_37_10,1
WomenWhoStutter_37_13,1
WomenWhoStutter_37_14,1
WomenWhoStutter_37_32,1
WomenWhoStutter_37_37,1
WomenWhoStutter_38_0,1
WomenWhoStutter_38_10,1
WomenWhoStutter_38_33,1
WomenWhoStutter_38_39,1
WomenWhoStutter_39_106,1
WomenWhoStutter_39_113,1
WomenWhoStutter_39_139,1
WomenWhoStutter_39_146,1
WomenWhoStutter_39_150,1
WomenWhoStutter_39_160,1
WomenWhoStutter_39_163,1
WomenWhoStutter_39_165,1
WomenWhoStutter_39_174,1
WomenWhoStutter_39_18,1
WomenWhoStutter_39_180,1
WomenWhoStutter_39_181,1
WomenWhoStutter_39_193,1
WomenWhoStutter_39_194,1
WomenWhoStutter_39_20,1
WomenWhoStutter_39_207,1
WomenWhoStutter_39_217,1
WomenWhoStutter_39_226,1
WomenWhoStutter_39_46,1
WomenWhoStutter_39_53,1
WomenWhoStutter_39_70,1
WomenWhoStutter_39_72,1
WomenWhoStutter_39_84,1
WomenWhoStutter_39_86,1
WomenWhoStutter_39_89,1
WomenWhoStutter_39_90,1
WomenWhoStutter_39_94,1
WomenWhoStutter_3_0,1
WomenWhoStutter_3_22,1
WomenWhoStutter_3_30,1
WomenWhoStutter_3_31,1
WomenWhoStutter_3_36,1
WomenWhoStutter_3_5,1
WomenWhoStutter_40_11,1
WomenWhoStutter_40_12,1
WomenWhoStutter_40_3,1
WomenWhoStutter_40_31,1
WomenWhoStutter_40_32,1
WomenWhoStutter_40_34,1
WomenWhoStutter_40_7,1
WomenWhoStutter_41_11,1
WomenWhoStutter_41_18,1
WomenWhoStutter_41_19,1
WomenWhoStutter_41_20,1
WomenWhoStutter_41_25,1
WomenWhoStutter_41_29,1
WomenWhoStutter_41_3,1
WomenWhoStutter_41_32,1
WomenWhoStutter_41_37,1
WomenWhoStutter_41_6,1
WomenWhoStutter_41_7,1
WomenWhoStutter_42_1,1
WomenWhoStutter_42_103,1
WomenWhoStutter_42_107,1
WomenWhoStutter_42_145,1
WomenWhoStutter_42_150,1
WomenWhoStutter_42_154,1
WomenWhoStutter_42_155,1
WomenWhoStutter_42_159,1
WomenWhoStutter_42_164,1
WomenWhoStutter_42_169,1
WomenWhoStutter_42_174,1
WomenWhoStutter_42_175,1
WomenWhoStutter_42_178,1
WomenWhoStutter_42_189,1
WomenWhoStutter_42_195,1
WomenWhoStutter_42_199,1
WomenWhoStutter_42_200,1
WomenWhoStutter_42_205,1
WomenWhoStutter_42_21,1
WomenWhoStutter_42_222,1
WomenWhoStutter_42_233,1
WomenWhoStutter_42_245,1
WomenWhoStutter_42_249,1
WomenWhoStutter_42_251,1
WomenWhoStutter_42_253,1
WomenWhoStutter_42_265,1
WomenWhoStutter_42_267,1
WomenWhoStutter_42_270,1
WomenWhoStutter_42_271,1
WomenWhoStutter_42_273,1
WomenWhoStutter_42_277,1
WomenWhoStutter_42_29,1
WomenWhoStutter_42_39,1
WomenWhoStutter_42_41,1
WomenWhoStutter_42_57,1
WomenWhoStutter_42_6,1
WomenWhoStutter_42_63,1
WomenWhoStutter_42_67,1
WomenWhoStutter_42_76,1
WomenWhoStutter_42_78,1
WomenWhoStutter_42_97,1
WomenWhoStutter_43_10,1
WomenWhoStutter_43_20,1
WomenWhoStutter_43_25,1
WomenWhoStutter_43_26,1
WomenWhoStutter_43_34,1
WomenWhoStutter_43_37,1
WomenWhoStutter_43_38,1
WomenWhoStutter_43_9,1
WomenWhoStutter_44_15,1
WomenWhoStutter_44_20,1
WomenWhoStutter_44_27,1
WomenWhoStutter_44_29,1
WomenWhoStutter_44_38,1
WomenWhoStutter_44_6,1
WomenWhoStutter_46_29,1
WomenWhoStutter_47_25,1
WomenWhoStutter_47_3,1
WomenWhoStutter_47_4,1
WomenWhoStutter_48_13,1
WomenWhoStutter_48_35,1
WomenWhoStutter_48_39,1
WomenWhoStutter_49_26,1
WomenWhoStutter_49_28,1
WomenWhoStutter_49_32,1
WomenWhoStutter_49_4,1
WomenWhoStutter_49_8,1
WomenWhoStutter_49_9,1
WomenWhoStutter_4_21,1
WomenWhoStutter_50_103,1
WomenWhoStutter_50_112,1
WomenWhoStutter_50_133,1
WomenWhoStutter_50_138,1
WomenWhoStutter_50_143,1
WomenWhoStutter_50_145,1
WomenWhoStutter_50_149,1
WomenWhoStutter_50_188,1
WomenWhoStutter_50_196,1
WomenWhoStutter_50_200,1
WomenWhoStutter_50_21,1
WomenWhoStutter_50_216,1
WomenWhoStutter_50_220,1
WomenWhoStutter_50_231,1
WomenWhoStutter_50_240,1
WomenWhoStutter_50_241,1
WomenWhoStutter_50_244,1
WomenWhoStutter_50_276,1
WomenWhoStutter_50_282,1
WomenWhoStutter_50_291,1
WomenWhoStutter_50_3,1
WomenWhoStutter_50_305,1
WomenWhoStutter_50_311,1
WomenWhoStutter_50_312,1
WomenWhoStutter_50_328,1
WomenWhoStutter_50_358,1
WomenWhoStutter_50_366,1
WomenWhoStutter_50_370,1
WomenWhoStutter_50_373,1
WomenWhoStutter_50_375,1
WomenWhoStutter_50_376,1
WomenWhoStutter_50_377,1
WomenWhoStutter_50_391,1
WomenWhoStutter_50_393,1
WomenWhoStutter_50_4,1
WomenWhoStutter_50_402,1
WomenWhoStutter_50_410,1
WomenWhoStutter_50_412,1
WomenWhoStutter_50_415,1
WomenWhoStutter_50_416,1
WomenWhoStutter_50_418,1
WomenWhoStutter_50_419,1
WomenWhoStutter_50_422,1
WomenWhoStutter_50_428,1
WomenWhoStutter_50_432,1
WomenWhoStutter_50_442,1
WomenWhoStutter_50_451,1
WomenWhoStutter_50_455,1
WomenWhoStutter_50_468,1
WomenWhoStutter_50_481,1
WomenWhoStutter_50_500,1
WomenWhoStutter_50_501,1
WomenWhoStutter_50_52,1
WomenWhoStutter_50_53,1
WomenWhoStutter_50_6,1
WomenWhoStutter_50_65,1
WomenWhoStutter_50_75,1
WomenWhoStutter_50_76,1
WomenWhoStutter_50_81,1
WomenWhoStutter_50_84,1
WomenWhoStutter_50_90,1
WomenWhoStutter_50_96,1
WomenWhoStutter_50_99,1
WomenWhoStutter_51_14,1
WomenWhoStutter_51_22,1
WomenWhoStutter_51_27,1
WomenWhoStutter_51_38,1
WomenWhoStutter_52_31,1
WomenWhoStutter_52_37,1
WomenWhoStutter_53_19,1
WomenWhoStutter_53_24,1
WomenWhoStutter_53_36,1
WomenWhoStutter_54_20,1
WomenWhoStutter_54_26,1
WomenWhoStutter_54_28,1
WomenWhoStutter_54_4,1
WomenWhoStutter_54_8,1
WomenWhoStutter_55_3,1
WomenWhoStutter_55_31,1
WomenWhoStutter_55_36,1
WomenWhoStutter_56_106,1
WomenWhoStutter_56_107,1
WomenWhoStutter_56_121,1
WomenWhoStutter_56_131,1
WomenWhoStutter_56_133,1
WomenWhoStutter_56_142,1
WomenWhoStutter_56_15,1
WomenWhoStutter_56_151,1
WomenWhoStutter_56_157,1
WomenWhoStutter_56_159,1
WomenWhoStutter_56_161,1
WomenWhoStutter_56_18,1
WomenWhoStutter_56_180,1
WomenWhoStutter_56_19,1
WomenWhoStutter_56_23,1
WomenWhoStutter_56_34,1
WomenWhoStutter_56_42,1
WomenWhoStutter_56_48,1
WomenWhoStutter_56_5,1
WomenWhoStutter_56_50,1
WomenWhoStutter_56_72,1
WomenWhoStutter_56_78,1
WomenWhoStutter_56_8,1
WomenWhoStutter_56_80,1
WomenWhoStutter_56_85,1
WomenWhoStutter_56_90,1
WomenWhoStutter_56_94,1
WomenWhoStutter_56_99,1
WomenWhoStutter_57_102,1
WomenWhoStutter_57_112,1
WomenWhoStutter_57_123,1
WomenWhoStutter_57_124,1
WomenWhoStutter_57_132,1
WomenWhoStutter_57_144,1
WomenWhoStutter_57_153,1
WomenWhoStutter_57_164,1
WomenWhoStutter_57_174,1
WomenWhoStutter_57_175,1
WomenWhoStutter_57_185,1
WomenWhoStutter_57_197,1
WomenWhoStutter_57_21,1
WomenWhoStutter_57_22,1
WomenWhoStutter_57_26,1
WomenWhoStutter_57_29,1
WomenWhoStutter_57_37,1
WomenWhoStutter_57_44,1
WomenWhoStutter_57_48,1
WomenWhoStutter_57_68,1
WomenWhoStutter_57_71,1
WomenWhoStutter_57_75,1
WomenWhoStutter_57_78,1
WomenWhoStutter_57_83,1
WomenWhoStutter_57_92,1
WomenWhoStutter_57_93,1
WomenWhoStutter_57_96,1
WomenWhoStutter_58_21,1
WomenWhoStutter_58_31,1
WomenWhoStutter_58_32,1
WomenWhoStutter_58_5,1
WomenWhoStutter_58_8,1
WomenWhoStutter_59_0,1
WomenWhoStutter_59_16,1
WomenWhoStutter_59_21,1
WomenWhoStutter_59_22,1
WomenWhoStutter_59_35,1
WomenWhoStutter_5_13,1
WomenWhoStutter_5_17,1
WomenWhoStutter_5_18,1
WomenWhoStutter_5_3,1
WomenWhoStutter_5_34,1
WomenWhoStutter_5_36,1
WomenWhoStutter_5_38,1
WomenWhoStutter_5_9,1
WomenWhoStutter_60_15,1
WomenWhoStutter_60_30,1
WomenWhoStutter_60_37,1
WomenWhoStutter_61_0,1
WomenWhoStutter_61_18,1
WomenWhoStutter_61_21,1
WomenWhoStutter_61_22,1
WomenWhoStutter_61_29,1
WomenWhoStutter_61_4,1
WomenWhoStutter_62_100,1
WomenWhoStutter_62_108,1
WomenWhoStutter_62_118,1
WomenWhoStutter_62_13,1
WomenWhoStutter_62_142,1
WomenWhoStutter_62_149,1
WomenWhoStutter_62_157,1
WomenWhoStutter_62_161,1
WomenWhoStutter_62_165,1
WomenWhoStutter_62_18,1
WomenWhoStutter_62_195,1
WomenWhoStutter_62_207,1
WomenWhoStutter_62_211,1
WomenWhoStutter_62_217,1
WomenWhoStutter_62_40,1
WomenWhoStutter_62_51,1
WomenWhoStutter_62_61,1
WomenWhoStutter_62_66,1
WomenWhoStutter_62_7,1
WomenWhoStutter_62_71,1
WomenWhoStutter_62_74,1
WomenWhoStutter_62_96,1
WomenWhoStutter_63_12,1
WomenWhoStutter_63_16,1
WomenWhoStutter_64_0,1
WomenWhoStutter_64_14,1
WomenWhoStutter_64_29,1
WomenWhoStutter_64_7,1
WomenWhoStutter_64_9,1
WomenWhoStutter_65_1,1
WomenWhoStutter_65_12,1
WomenWhoStutter_65_15,1
WomenWhoStutter_65_19,1
WomenWhoStutter_65_35,1
WomenWhoStutter_65_39,1
WomenWhoStutter_65_7,1
WomenWhoStutter_66_14,1
WomenWhoStutter_66_18,1
WomenWhoStutter_66_2,1
WomenWhoStutter_66_28,1
WomenWhoStutter_66_31,1
WomenWhoStutter_66_5,1
WomenWhoStutter_66_7,1
WomenWhoStutter_66_8,1
WomenWhoStutter_66_9,1
WomenWhoStutter_67_12,1
WomenWhoStutter_67_18,1
WomenWhoStutter_67_25,1
WomenWhoStutter_67_6,1
WomenWhoStutter_68_1,1
WomenWhoStutter_68_10,1
WomenWhoStutter_68_16,1
WomenWhoStutter_68_24,1
WomenWhoStutter_68_25,1
WomenWhoStutter_68_34,1
WomenWhoStutter_68_4,1
WomenWhoStutter_68_9,1
WomenWhoStutter_69_14,1
WomenWhoStutter_69_15,1
WomenWhoStutter_69_29,1
WomenWhoStutter_69_31,1
WomenWhoStutter_69_37,1
WomenWhoStutter_6_101,1
WomenWhoStutter_6_102,1
WomenWhoStutter_6_104,1
WomenWhoStutter_6_113,1
WomenWhoStutter_6_122,1
WomenWhoStutter_6_129,1
WomenWhoStutter_6_131,1
WomenWhoStutter_6_132,1
WomenWhoStutter_6_133,1
WomenWhoStutter_6_136,1
WomenWhoStutter_6_152,1
WomenWhoStutter_6_160,1
WomenWhoStutter_6_176,1
WomenWhoStutter_6_190,1
WomenWhoStutter_6_196,1
WomenWhoStutter_6_197,1
WomenWhoStutter_6_198,1
WomenWhoStutter_6_206,1
WomenWhoStutter_6_207,1
WomenWhoStutter_6_208,1
WomenWhoStutter_6_30,1
WomenWhoStutter_6_39,1
WomenWhoStutter_6_45,1
WomenWhoStutter_6_47,1
WomenWhoStutter_6_51,1
WomenWhoStutter_6_57,1
WomenWhoStutter_6_62,1
WomenWhoStutter_6_72,1
WomenWhoStutter_6_96,1
WomenWhoStutter_6_97,1
WomenWhoStutter_70_0,1
WomenWhoStutter_70_5,1
WomenWhoStutter_71_0,1
WomenWhoStutter_71_14,1
WomenWhoStutter_71_17,1
WomenWhoStutter_71_2,1
WomenWhoStutter_71_24,1
WomenWhoStutter_71_33,1
WomenWhoStutter_71_7,1
WomenWhoStutter_71_8,1
WomenWhoStutter_72_0,1
WomenWhoStutter_72_14,1
WomenWhoStutter_72_16,1
WomenWhoStutter_72_2,1
WomenWhoStutter_72_30,1
WomenWhoStutter_72_34,1
WomenWhoStutter_72_4,1
WomenWhoStutter_72_6,1
WomenWhoStutter_72_8,1
WomenWhoStutter_73_15,1
WomenWhoStutter_74_109,1
WomenWhoStutter_74_118,1
WomenWhoStutter_74_126,1
WomenWhoStutter_74_143,1
WomenWhoStutter_74_159,1
WomenWhoStutter_74_162,1
WomenWhoStutter_74_163,1
WomenWhoStutter_74_165,1
WomenWhoStutter_74_17,1
WomenWhoStutter_74_177,1
WomenWhoStutter_74_179,1
WomenWhoStutter_74_18,1
WomenWhoStutter_74_180,1
WomenWhoStutter_74_188,1
WomenWhoStutter_74_2,1
WomenWhoStutter_74_22,1
WomenWhoStutter_74_23,1
WomenWhoStutter_74_26,1
WomenWhoStutter_74_51,1
WomenWhoStutter_74_52,1
WomenWhoStutter_74_66,1
WomenWhoStutter_74_68,1
WomenWhoStutter_74_77,1
WomenWhoStutter_74_81,1
WomenWhoStutter_74_86,1
WomenWhoStutter_75_22,1
WomenWhoStutter_75_25,1
WomenWhoStutter_76_15,1
WomenWhoStutter_76_23,1
WomenWhoStutter_76_7,1
WomenWhoStutter_77_10,1
WomenWhoStutter_77_15,1
WomenWhoStutter_77_29,1
WomenWhoStutter_78_11,1
WomenWhoStutter_78_15,1
WomenWhoStutter_78_5,1
WomenWhoStutter_78_6,1
WomenWhoStutter_79_11,1
WomenWhoStutter_79_12,1
WomenWhoStutter_79_16,1
WomenWhoStutter_79_26,1
WomenWhoStutter_79_32,1
WomenWhoStutter_79_36,1
WomenWhoStutter_7_18,1
WomenWhoStutter_7_20,1
WomenWhoStutter_7_31,1
WomenWhoStutter_7_33,1
WomenWhoStutter_7_9,1
WomenWhoStutter_80_0,1
WomenWhoStutter_80_10,1
WomenWhoStutter_80_3,1
WomenWhoStutter_81_107,1
WomenWhoStutter_81_109,1
WomenWhoStutter_81_139,1
WomenWhoStutter_81_170,1
WomenWhoStutter_81_173,1
WomenWhoStutter_81_176,1
WomenWhoStutter_81_179,1
WomenWhoStutter_81_188,1
WomenWhoStutter_81_47,1
WomenWhoStutter_81_6,1
WomenWhoStutter_81_65,1
WomenWhoStutter_81_79,1
WomenWhoStutter_81_86,1
WomenWhoStutter_82_15,1
WomenWhoStutter_82_21,1
WomenWhoStutter_82_28,1
WomenWhoStutter_82_32,1
WomenWhoStutter_82_33,1
WomenWhoStutter_82_37,1
WomenWhoStutter_83_22,1
WomenWhoStutter_83_23,1
WomenWhoStutter_83_24,1
WomenWhoStutter_83_25,1
WomenWhoStutter_83_27,1
WomenWhoStutter_83_35,1
WomenWhoStutter_83_38,1
WomenWhoStutter_83_39,1
WomenWhoStutter_84_2,1
WomenWhoStutter_84_32,1
WomenWhoStutter_84_38,1
WomenWhoStutter_84_39,1
WomenWhoStutter_85_1,1
WomenWhoStutter_85_17,1
WomenWhoStutter_85_19,1
WomenWhoStutter_85_21,1
WomenWhoStutter_85_26,1
WomenWhoStutter_85_28,1
WomenWhoStutter_85_36,1
WomenWhoStutter_86_1,1
WomenWhoStutter_86_103,1
WomenWhoStutter_86_105,1
WomenWhoStutter_86_109,1
WomenWhoStutter_86_11,1
WomenWhoStutter_86_113,1
WomenWhoStutter_86_121,1
WomenWhoStutter_86_126,1
WomenWhoStutter_86_13,1
WomenWhoStutter_86_130,1
WomenWhoStutter_86_132,1
WomenWhoStutter_86_133,1
WomenWhoStutter_86_134,1
WomenWhoStutter_86_137,1
WomenWhoStutter_86_150,1
WomenWhoStutter_86_152,1
WomenWhoStutter_86_166,1
WomenWhoStutter_86_21,1
WomenWhoStutter_86_22,1
WomenWhoStutter_86_26,1
WomenWhoStutter_86_5,1
WomenWhoStutter_86_54,1
WomenWhoStutter_86_6,1
WomenWhoStutter_86_62,1
WomenWhoStutter_86_66,1
WomenWhoStutter_86_67,1
WomenWhoStutter_86_74,1
WomenWhoStutter_86_75,1
WomenWhoStutter_86_78,1
WomenWhoStutter_86_86,1
WomenWhoStutter_86_91,1
WomenWhoStutter_86_94,1
WomenWhoStutter_86_98,1
WomenWhoStutter_87_118,1
WomenWhoStutter_87_131,1
WomenWhoStutter_87_138,1
WomenWhoStutter_87_139,1
WomenWhoStutter_87_149,1
WomenWhoStutter_87_152,1
WomenWhoStutter_87_157,1
WomenWhoStutter_87_177,1
WomenWhoStutter_87_195,1
WomenWhoStutter_87_22,1
WomenWhoStutter_87_51,1
WomenWhoStutter_87_63,1
WomenWhoStutter_87_64,1
WomenWhoStutter_87_91,1
WomenWhoStutter_88_101,1
WomenWhoStutter_88_103,1
WomenWhoStutter_88_104,1
WomenWhoStutter_88_109,1
WomenWhoStutter_88_110,1
WomenWhoStutter_88_138,1
WomenWhoStutter_88_142,1
WomenWhoStutter_88_148,1
WomenWhoStutter_88_149,1
WomenWhoStutter_88_152,1
WomenWhoStutter_88_153,1
WomenWhoStutter_88_161,1
WomenWhoStutter_88_169,1
WomenWhoStutter_88_171,1
WomenWhoStutter_88_174,1
WomenWhoStutter_88_194,1
WomenWhoStutter_88_197,1
WomenWhoStutter_88_202,1
WomenWhoStutter_88_217,1
WomenWhoStutter_88_22,1
WomenWhoStutter_88_223,1
WomenWhoStutter_88_31,1
WomenWhoStutter_88_40,1
WomenWhoStutter_88_52,1
WomenWhoStutter_88_59,1
WomenWhoStutter_88_60,1
WomenWhoStutter_88_73,1
WomenWhoStutter_88_85,1
WomenWhoStutter_88_88,1
WomenWhoStutter_88_89,1
WomenWhoStutter_89_0,1
WomenWhoStutter_8_15,1
WomenWhoStutter_8_22,1
WomenWhoStutter_8_25,1
WomenWhoStutter_8_37,1
WomenWhoStutter_90_15,1
WomenWhoStutter_90_29,1
WomenWhoStutter_90_34,1
WomenWhoStutter_90_7,1
WomenWhoStutter_92_29,1
WomenWhoStutter_92_32,1
WomenWhoStutter_92_5,1
WomenWhoStutter_93_0,1
WomenWhoStutter_93_19,1
WomenWhoStutter_93_2,1
WomenWhoStutter_93_21,1
WomenWhoStutter_93_30,1
WomenWhoStutter_94_14,1
WomenWhoStutter_94_19,1
WomenWhoStutter_94_2,1
WomenWhoStutter_94_24,1
WomenWhoStutter_94_31,1
WomenWhoStutter_94_35,1
WomenWhoStutter_95_11,1
WomenWhoStutter_95_16,1
WomenWhoStutter_95_18,1
WomenWhoStutter_95_24,1
WomenWhoStutter_95_33,1
WomenWhoStutter_95_35,1
WomenWhoStutter_96_0,1
WomenWhoStutter_96_114,1
WomenWhoStutter_96_119,1
WomenWhoStutter_96_128,1
WomenWhoStutter_96_131,1
WomenWhoStutter_96_139,1
WomenWhoStutter_96_14,1
WomenWhoStutter_96_168,1
WomenWhoStutter_96_177,1
WomenWhoStutter_96_34,1
WomenWhoStutter_96_35,1
WomenWhoStutter_96_57,1
WomenWhoStutter_96_58,1
WomenWhoStutter_96_6,1
WomenWhoStutter_96_70,1
WomenWhoStutter_97_120,1
WomenWhoStutter_97_123,1
WomenWhoStutter_97_137,1
WomenWhoStutter_97_157,1
WomenWhoStutter_97_171,1
WomenWhoStutter_97_172,1
WomenWhoStutter_97_178,1
WomenWhoStutter_97_18,1
WomenWhoStutter_97_182,1
WomenWhoStutter_97_19,1
WomenWhoStutter_97_191,1
WomenWhoStutter_97_192,1
WomenWhoStutter_97_193,1
WomenWhoStutter_97_194,1
WomenWhoStutter_97_26,1
WomenWhoStutter_97_31,1
WomenWhoStutter_97_48,1
WomenWhoStutter_97_75,1
WomenWhoStutter_97_78,1
WomenWhoStutter_97_95,1
WomenWhoStutter_97_97,1
WomenWhoStutter_97_98,1
WomenWhoStutter_98_36,1
WomenWhoStutter_98_6,1
WomenWhoStutter_99_100,1
WomenWhoStutter_99_104,1
WomenWhoStutter_99_105,1
WomenWhoStutter_99_11,1
WomenWhoStutter_99_113,1
WomenWhoStutter_99_12,1
WomenWhoStutter_99_124,1
WomenWhoStutter_99_125,1
WomenWhoStutter_99_128,1
WomenWhoStutter_99_132,1
WomenWhoStutter_99_134,1
WomenWhoStutter_99_139,1
WomenWhoStutter_99_150,1
WomenWhoStutter_99_151,1
WomenWhoStutter_99_165,1
WomenWhoStutter_99_171,1
WomenWhoStutter_99_176,1
WomenWhoStutter_99_18,1
WomenWhoStutter_99_184,1
WomenWhoStutter_99_185,1
WomenWhoStutter_99_189,1
WomenWhoStutter_99_19,1
WomenWhoStutter_99_193,1
WomenWhoStutter_99_197,1
WomenWhoStutter_99_198,1
WomenWhoStutter_99_199,1
WomenWhoStutter_99_201,1
WomenWhoStutter_99_205,1
WomenWhoStutter_99_210,1
WomenWhoStutter_99_211,1
WomenWhoStutter_99_229,1
WomenWhoStutter_99_23,1
WomenWhoStutter_99_230,1
WomenWhoStutter_99_24,1
WomenWhoStutter_99_27,1
WomenWhoStutter_99_28,1
WomenWhoStutter_99_34,1
WomenWhoStutter_99_39,1
WomenWhoStutter_99_46,1
WomenWhoStutter_99_48,1
WomenWhoStutter_99_49,1
WomenWhoStutter_99_5,1
WomenWhoStutter_99_53,1
WomenWhoStutter_99_55,1
WomenWhoStutter_99_68,1
WomenWhoStutter_99_71,1
WomenWhoStutter_99_72,1
WomenWhoStutter_99_78,1
WomenWhoStutter_99_79,1
WomenWhoStutter_99_82,1
WomenWhoStutter_99_83,1
WomenWhoStutter_99_85,1
WomenWhoStutter_99_9,1
WomenWhoStutter_99_90,1
WomenWhoStutter_99_93,1
WomenWhoStutter_9_13,1
WomenWhoStutter_9_14,1
WomenWhoStutter_9_19,1
WomenWhoStutter_9_2,1
WomenWhoStutter_9_23,1
WomenWhoStutter_9_34,1
WomenWhoStutter_9_4,1
